observation_id,cve_id,mapping_index,utility,executable,platform,target,group,revision,release,frozen_mapping_status,function_mapping_status,mapping_completeness,depth,maximum_depth,normalized_depth,utility_only_depth,utility_only_maximum_depth,utility_only_normalized_depth,accepted_historical_measurement,independently_verified,mapping_status,build_status,analysis_status,reachability_status,graph_completeness,measurement_validity,utility_only_status,source_resolution,coverage_key,coverage_artifact,graph_artifact,vulnerable_function,authenticated_source_identity,source_sha256,shortest_path_names,instance_and_callsite_witness_record,mapped_instance_count,failure_reason
CVE-2021-29934:0:od:linux,CVE-2021-29934,0,od,od,linux,x86_64-unknown-linux-gnu,0.0.3/od,2bb9a85ddedc7b8aa1bd866bd70e41364c8783f7,0.0.3,verified,verified,reviewed_primary_evidence,6,7,0.8571428571428571,6,7,0.8571428571428571,False,False,authenticated_compiler_definition,completed,completed,observed_reachable,known_incomplete,provisional_graph_observed,observed_reachable,"{""declaration"": ""fn read(&mut self, out: &mut [u8]) -> io::Result<usize> {"", ""impl_header"": ""impl<R: Read> Read for PartialReader<R> {"", ""line"": 32, ""source_sha256"": ""2551c091e8809e6660e741653808de8f0357c0d695cd7617b19db6a9c471b5bf"", ""status"": ""authenticated_unique_declaration""}",0.0.3/od,build/rupta-v1/historical-diagnostic-v1/runs/0.0.3/od/f91c40f1d66316ee3673caf0bb63b2a2dfeb670146ca3880adc3fed6ce6e6ece/attempt-1/analysis/coverage.json,build/rupta-v1/historical-diagnostic-v1/runs/0.0.3/od/f91c40f1d66316ee3673caf0bb63b2a2dfeb670146ca3880adc3fed6ce6e6ece/attempt-1/analysis/normalized.json,PartialReader<R>::read,src/uu/od/src/partialreader.rs::PartialReader<R>::read,2551c091e8809e6660e741653808de8f0357c0d695cd7617b19db6a9c471b5bf,"[""od::main"", ""uu_od::uumain<std::env::ArgsOs>"", ""uu_od::odfunc<uu_od::peekreader::PeekReader<uu_od::partialreader::PartialReader<uu_od::multifilereader::MultifileReader<'{erased}>>>>"", ""uu_od::inputdecoder::{impl#1}::peek_read<uu_od::peekreader::PeekReader<uu_od::partialreader::PartialReader<uu_od::multifilereader::MultifileReader<'{erased}>>>>"", ""uu_od::peekreader::{impl#3}::peek_read<uu_od::partialreader::PartialReader<uu_od::multifilereader::MultifileReader<'{erased}>>>"", ""uu_od::peekreader::{impl#2}::read<uu_od::partialreader::PartialReader<uu_od::multifilereader::MultifileReader<'{erased}>>>"", ""uu_od::partialreader::{impl#1}::read<uu_od::multifilereader::MultifileReader<'{erased}>>""]",historical_rupta_results.json:observations:CVE-2021-29934:0:od:linux,1,
CVE-2026-35338:0:chmod:linux,CVE-2026-35338,0,chmod,chmod,linux,x86_64-unknown-linux-gnu,0.2.2/chmod,3a07ffc5a9bd4c283e75afa548ba1f1957bad242,0.2.2,verified,verified,reviewed_primary_evidence,3,12,0.25,3,6,0.5,False,False,authenticated_compiler_definition,completed,completed,observed_reachable,known_incomplete,provisional_graph_observed,observed_reachable,"{""declaration"": ""fn chmod(&self, files: &[OsString]) -> UResult<()> {"", ""impl_header"": ""impl Chmoder {"", ""line"": 269, ""source_sha256"": ""74854b94a97bbf21e855ab4fd386ba9cd4a9c6ec14752dce51d84e347166bb17"", ""status"": ""authenticated_unique_declaration""}",0.2.2/chmod,build/rupta-v1/historical-diagnostic-v1/pilot-replay/coverage.json,build/rupta-v1/historical-diagnostic-v1/pilot-replay/normalized.json,Chmoder::chmod,src/uu/chmod/src/chmod.rs::Chmoder::chmod,74854b94a97bbf21e855ab4fd386ba9cd4a9c6ec14752dce51d84e347166bb17,"[""chmod::main"", ""uu_chmod::uumain<std::iter::Cloned<std::slice::Iter<'{erased}, std::ffi::OsString>>>"", ""uu_chmod::uumain::uumain<std::iter::Cloned<std::slice::Iter<'{erased}, std::ffi::OsString>>>"", ""uu_chmod::{impl#1}::chmod""]",historical_rupta_results.json:observations:CVE-2026-35338:0:chmod:linux,1,
CVE-2026-35339:0:chmod:linux,CVE-2026-35339,0,chmod,chmod,linux,x86_64-unknown-linux-gnu,0.2.2/chmod,3a07ffc5a9bd4c283e75afa548ba1f1957bad242,0.2.2,verified,verified,reviewed_primary_evidence,3,12,0.25,3,6,0.5,False,False,authenticated_compiler_definition,completed,completed,observed_reachable,known_incomplete,provisional_graph_observed,observed_reachable,"{""declaration"": ""fn chmod(&self, files: &[OsString]) -> UResult<()> {"", ""impl_header"": ""impl Chmoder {"", ""line"": 269, ""source_sha256"": ""74854b94a97bbf21e855ab4fd386ba9cd4a9c6ec14752dce51d84e347166bb17"", ""status"": ""authenticated_unique_declaration""}",0.2.2/chmod,build/rupta-v1/historical-diagnostic-v1/pilot-replay/coverage.json,build/rupta-v1/historical-diagnostic-v1/pilot-replay/normalized.json,Chmoder::chmod,src/uu/chmod/src/chmod.rs::Chmoder::chmod,74854b94a97bbf21e855ab4fd386ba9cd4a9c6ec14752dce51d84e347166bb17,"[""chmod::main"", ""uu_chmod::uumain<std::iter::Cloned<std::slice::Iter<'{erased}, std::ffi::OsString>>>"", ""uu_chmod::uumain::uumain<std::iter::Cloned<std::slice::Iter<'{erased}, std::ffi::OsString>>>"", ""uu_chmod::{impl#1}::chmod""]",historical_rupta_results.json:observations:CVE-2026-35339:0:chmod:linux,1,
CVE-2026-35340:0:chgrp:linux,CVE-2026-35340,0,chgrp,chgrp,linux,x86_64-unknown-linux-gnu,0.2.2/chgrp,3a07ffc5a9bd4c283e75afa548ba1f1957bad242,0.2.2,verified,verified,reviewed_primary_evidence,6,13,0.46153846153846156,,6,,False,False,authenticated_compiler_definition,completed,completed,observed_reachable,known_incomplete,provisional_graph_observed,shared_target_excluded_from_sensitivity_scope,"{""declaration"": ""fn dive_into<P: AsRef<Path>>(&self, root: P) -> i32 {"", ""impl_header"": ""impl ChownExecutor {"", ""line"": 343, ""source_sha256"": ""1d9b6098398efc12dc625a3ca68c01016d3b007de6465bb4518eb4feab78870a"", ""status"": ""authenticated_unique_declaration""}",0.2.2/chgrp,build/rupta-v1/historical-diagnostic-v1/runs/0.2.2/chgrp/e6984a99c65be66347d4d96a208af10de21a06ef789b9e9601a2f10c8bd987de/attempt-1/analysis/coverage.json,build/rupta-v1/historical-diagnostic-v1/runs/0.2.2/chgrp/e6984a99c65be66347d4d96a208af10de21a06ef789b9e9601a2f10c8bd987de/attempt-1/analysis/normalized.json,ChownExecutor::dive_into,src/uucore/src/lib/features/perms.rs::ChownExecutor::dive_into,1d9b6098398efc12dc625a3ca68c01016d3b007de6465bb4518eb4feab78870a,"[""chgrp::main"", ""uu_chgrp::uumain<std::iter::Cloned<std::slice::Iter<'{erased}, std::ffi::OsString>>>"", ""uu_chgrp::uumain::uumain<std::iter::Cloned<std::slice::Iter<'{erased}, std::ffi::OsString>>>"", ""uucore::features::perms::chown_base<std::iter::Cloned<std::slice::Iter<'{erased}, std::ffi::OsString>>>"", ""uucore::features::perms::{impl#1}::exec"", ""uucore::features::perms::{impl#1}::traverse<&'{erased} std::ffi::OsString>"", ""uucore::features::perms::{impl#1}::dive_into<&'{erased} &'{erased} std::ffi::OsString>""]",historical_rupta_results.json:observations:CVE-2026-35340:0:chgrp:linux,1,
CVE-2026-35340:0:chown:linux,CVE-2026-35340,0,chown,chown,linux,x86_64-unknown-linux-gnu,0.2.2/chown,3a07ffc5a9bd4c283e75afa548ba1f1957bad242,0.2.2,verified,verified,reviewed_primary_evidence,6,13,0.46153846153846156,,6,,False,False,authenticated_compiler_definition,completed,completed,observed_reachable,known_incomplete,provisional_graph_observed,shared_target_excluded_from_sensitivity_scope,"{""declaration"": ""fn dive_into<P: AsRef<Path>>(&self, root: P) -> i32 {"", ""impl_header"": ""impl ChownExecutor {"", ""line"": 343, ""source_sha256"": ""1d9b6098398efc12dc625a3ca68c01016d3b007de6465bb4518eb4feab78870a"", ""status"": ""authenticated_unique_declaration""}",0.2.2/chown,build/rupta-v1/historical-diagnostic-v1/runs/0.2.2/chown/22b9dbb29ce16a1b21101fd203758b60ddb59660522587f7348c2ffde397468e/attempt-1/analysis/coverage.json,build/rupta-v1/historical-diagnostic-v1/runs/0.2.2/chown/22b9dbb29ce16a1b21101fd203758b60ddb59660522587f7348c2ffde397468e/attempt-1/analysis/normalized.json,ChownExecutor::dive_into,src/uucore/src/lib/features/perms.rs::ChownExecutor::dive_into,1d9b6098398efc12dc625a3ca68c01016d3b007de6465bb4518eb4feab78870a,"[""chown::main"", ""uu_chown::uumain<std::iter::Cloned<std::slice::Iter<'{erased}, std::ffi::OsString>>>"", ""uu_chown::uumain::uumain<std::iter::Cloned<std::slice::Iter<'{erased}, std::ffi::OsString>>>"", ""uucore::features::perms::chown_base<std::iter::Cloned<std::slice::Iter<'{erased}, std::ffi::OsString>>>"", ""uucore::features::perms::{impl#1}::exec"", ""uucore::features::perms::{impl#1}::traverse<&'{erased} std::ffi::OsString>"", ""uucore::features::perms::{impl#1}::dive_into<&'{erased} &'{erased} std::ffi::OsString>""]",historical_rupta_results.json:observations:CVE-2026-35340:0:chown:linux,1,
CVE-2026-35341:0:mkfifo:linux,CVE-2026-35341,0,mkfifo,mkfifo,linux,x86_64-unknown-linux-gnu,0.2.2/mkfifo,3a07ffc5a9bd4c283e75afa548ba1f1957bad242,0.2.2,verified,verified,reviewed_primary_evidence,2,12,0.16666666666666666,2,4,0.5,False,False,authenticated_compiler_definition,completed,completed,observed_reachable,known_incomplete,provisional_graph_observed,observed_reachable,"{""declaration"": ""pub fn uumain(args: impl uucore::Args) -> UResult<()> {"", ""impl_header"": null, ""line"": 25, ""source_sha256"": ""b9196814cd9042d047949d05ebade14005bed0bbdfe4cae1ecf93753faa8a04d"", ""status"": ""authenticated_unique_declaration""}",0.2.2/mkfifo,build/rupta-v1/historical-diagnostic-v1/runs/0.2.2/mkfifo/d09878a3b2dd19546fa254cac21af6d02d955686e780f47785765d5075374722/attempt-1/analysis/coverage.json,build/rupta-v1/historical-diagnostic-v1/runs/0.2.2/mkfifo/d09878a3b2dd19546fa254cac21af6d02d955686e780f47785765d5075374722/attempt-1/analysis/normalized.json,uumain,src/uu/mkfifo/src/mkfifo.rs::uumain,b9196814cd9042d047949d05ebade14005bed0bbdfe4cae1ecf93753faa8a04d,"[""mkfifo::main"", ""uu_mkfifo::uumain<std::iter::Cloned<std::slice::Iter<'{erased}, std::ffi::OsString>>>"", ""uu_mkfifo::uumain::uumain<std::iter::Cloned<std::slice::Iter<'{erased}, std::ffi::OsString>>>""]",historical_rupta_results.json:observations:CVE-2026-35341:0:mkfifo:linux,1,
CVE-2026-35342:0:mktemp:linux,CVE-2026-35342,0,mktemp,mktemp,linux,x86_64-unknown-linux-gnu,0.2.2/mktemp,3a07ffc5a9bd4c283e75afa548ba1f1957bad242,0.2.2,verified,verified,reviewed_primary_evidence,3,9,0.3333333333333333,3,5,0.6,False,False,authenticated_compiler_definition,completed,completed,observed_reachable,known_incomplete,provisional_graph_observed,observed_reachable,"{""declaration"": ""fn from(matches: &ArgMatches) -> Self {"", ""impl_header"": ""impl Options {"", ""line"": 112, ""source_sha256"": ""5e88b02adc83542f4f0f584b04475bea4c7ce47435ecdbac7ddc0c4acb040408"", ""status"": ""authenticated_unique_declaration""}",0.2.2/mktemp,build/rupta-v1/historical-diagnostic-v1/runs/0.2.2/mktemp/de71754efce4b16568a9bfc0ed038931d7b7dc496535abeaf4cd0222d85ca281/attempt-1/analysis/coverage.json,build/rupta-v1/historical-diagnostic-v1/runs/0.2.2/mktemp/de71754efce4b16568a9bfc0ed038931d7b7dc496535abeaf4cd0222d85ca281/attempt-1/analysis/normalized.json,Options::from,src/uu/mktemp/src/mktemp.rs::Options::from,5e88b02adc83542f4f0f584b04475bea4c7ce47435ecdbac7ddc0c4acb040408,"[""mktemp::main"", ""uu_mktemp::uumain<std::iter::Cloned<std::slice::Iter<'{erased}, std::ffi::OsString>>>"", ""uu_mktemp::uumain::uumain<std::iter::Cloned<std::slice::Iter<'{erased}, std::ffi::OsString>>>"", ""uu_mktemp::{impl#1}::from""]",historical_rupta_results.json:observations:CVE-2026-35342:0:mktemp:linux,1,
CVE-2026-35343:0:cut:linux,CVE-2026-35343,0,cut,cut,linux,x86_64-unknown-linux-gnu,0.2.2/cut,3a07ffc5a9bd4c283e75afa548ba1f1957bad242,0.2.2,verified,verified,reviewed_primary_evidence,5,12,0.4166666666666667,5,8,0.625,False,False,authenticated_compiler_definition,completed,completed,observed_reachable,known_incomplete,provisional_graph_observed,observed_reachable,"{""declaration"": ""fn cut_fields_newline_char_delim<R: Read, W: Write>("", ""impl_header"": ""impl<'a> From<&'a OsString> for Delimiter<'a> {"", ""line"": 264, ""source_sha256"": ""87d64642b2ec2eb96413f22d5ca516c49023c4e0fe9ffb63adf6865bcd08680d"", ""status"": ""authenticated_unique_declaration""}",0.2.2/cut,build/rupta-v1/historical-diagnostic-v1/runs/0.2.2/cut/e4cfb8dbcbd6532fcd7c73d2ca905b98a2c599d1f65ac123d510ae58eaca5c1d/attempt-1/analysis/coverage.json,build/rupta-v1/historical-diagnostic-v1/runs/0.2.2/cut/e4cfb8dbcbd6532fcd7c73d2ca905b98a2c599d1f65ac123d510ae58eaca5c1d/attempt-1/analysis/normalized.json,cut_fields_newline_char_delim,src/uu/cut/src/cut.rs::cut_fields_newline_char_delim,87d64642b2ec2eb96413f22d5ca516c49023c4e0fe9ffb63adf6865bcd08680d,"[""cut::main"", ""uu_cut::uumain<std::iter::Cloned<std::slice::Iter<'{erased}, std::ffi::OsString>>>"", ""uu_cut::uumain::uumain<std::iter::Cloned<std::slice::Iter<'{erased}, std::ffi::OsString>>>"", ""uu_cut::cut_files"", ""uu_cut::cut_fields<std::io::Stdin, std::boxed::Box<dyn [Binder { value: Trait(std::io::Write), bound_vars: [] }] + '{erased}, std::alloc::Global>>"", ""uu_cut::cut_fields_newline_char_delim<std::io::Stdin, std::boxed::Box<dyn [Binder { value: Trait(std::io::Write), bound_vars: [] }] + '{erased}, std::alloc::Global>>""]",historical_rupta_results.json:observations:CVE-2026-35343:0:cut:linux,2,
CVE-2026-35344:0:dd:linux,CVE-2026-35344,0,dd,dd,linux,x86_64-unknown-linux-gnu,0.2.2/dd,3a07ffc5a9bd4c283e75afa548ba1f1957bad242,0.2.2,verified,verified,reviewed_primary_evidence,5,12,0.4166666666666667,5,10,0.5,False,False,authenticated_compiler_definition,completed,completed,observed_reachable,known_incomplete,provisional_graph_observed,observed_reachable,"{""declaration"": ""fn truncate(&mut self) {"", ""impl_header"": ""impl BlockWriter<'_> {"", ""line"": 970, ""source_sha256"": ""275c6d5e50d577058d7314f51748556f64d41e8d511437d89f8651b952836a30"", ""status"": ""authenticated_unique_declaration""}",0.2.2/dd,build/rupta-v1/historical-diagnostic-v1/runs/0.2.2/dd/9db76563a1ad188686f9f8c41cc40186121dde13a24d13c0500d7db68e48cc0b/attempt-1/analysis/coverage.json,build/rupta-v1/historical-diagnostic-v1/runs/0.2.2/dd/9db76563a1ad188686f9f8c41cc40186121dde13a24d13c0500d7db68e48cc0b/attempt-1/analysis/normalized.json,BlockWriter::truncate,src/uu/dd/src/dd.rs::BlockWriter::truncate,275c6d5e50d577058d7314f51748556f64d41e8d511437d89f8651b952836a30,"[""dd::main"", ""uu_dd::uumain<std::iter::Cloned<std::slice::Iter<'{erased}, std::ffi::OsString>>>"", ""uu_dd::uumain::uumain<std::iter::Cloned<std::slice::Iter<'{erased}, std::ffi::OsString>>>"", ""uu_dd::dd_copy"", ""uu_dd::finalize<()>"", ""uu_dd::{impl#11}::truncate<>""]",historical_rupta_results.json:observations:CVE-2026-35344:0:dd:linux,1,
CVE-2026-35345:0:tail:linux,CVE-2026-35345,0,tail,tail,linux,x86_64-unknown-linux-gnu,0.2.2/tail,3a07ffc5a9bd4c283e75afa548ba1f1957bad242,0.2.2,verified,verified,reviewed_primary_evidence,5,11,0.45454545454545453,5,8,0.625,False,False,authenticated_compiler_definition,completed,completed,observed_reachable,known_incomplete,provisional_graph_observed,observed_reachable,"{""declaration"": ""fn handle_event("", ""impl_header"": ""impl Observer {"", ""line"": 311, ""source_sha256"": ""f73b9249a76cbed4030089d4eda109cd2e033820e78c31efe5b17354a4c55aeb"", ""status"": ""authenticated_unique_declaration""}",0.2.2/tail,build/rupta-v1/historical-diagnostic-v1/runs/0.2.2/tail/8a4291a199743f203a49d67f9e0ef4dacf4aa41ba1ae7e7a2fa31777e13ec35b/attempt-1/analysis/coverage.json,build/rupta-v1/historical-diagnostic-v1/runs/0.2.2/tail/8a4291a199743f203a49d67f9e0ef4dacf4aa41ba1ae7e7a2fa31777e13ec35b/attempt-1/analysis/normalized.json,Observer::handle_event,src/uu/tail/src/follow/watch.rs::Observer::handle_event,f73b9249a76cbed4030089d4eda109cd2e033820e78c31efe5b17354a4c55aeb,"[""tail::main"", ""uu_tail::uumain<std::iter::Cloned<std::slice::Iter<'{erased}, std::ffi::OsString>>>"", ""uu_tail::uumain::uumain<std::iter::Cloned<std::slice::Iter<'{erased}, std::ffi::OsString>>>"", ""uu_tail::uu_tail"", ""uu_tail::follow::watch::follow"", ""uu_tail::follow::watch::{impl#1}::handle_event""]",historical_rupta_results.json:observations:CVE-2026-35345:0:tail:linux,1,
CVE-2026-35346:0:comm:linux,CVE-2026-35346,0,comm,comm,linux,x86_64-unknown-linux-gnu,0.2.2/comm,3a07ffc5a9bd4c283e75afa548ba1f1957bad242,0.2.2,verified,verified,reviewed_primary_evidence,3,12,0.25,3,5,0.6,False,False,authenticated_compiler_definition,completed,completed,observed_reachable,known_incomplete,provisional_graph_observed,observed_reachable,"{""declaration"": ""fn comm(a: &mut LineReader, b: &mut LineReader, delim: &str, opts: &ArgMatches) -> UResult<()> {"", ""impl_header"": ""impl OrderChecker {"", ""line"": 155, ""source_sha256"": ""39769e1e2c6cc077f167aacbe853c3cfb42c8cb49c1e6f6715b69bdaac403616"", ""status"": ""authenticated_unique_declaration""}",0.2.2/comm,build/rupta-v1/historical-diagnostic-v1/runs/0.2.2/comm/f6119b65c403c4ea3b67a5cb74b4ebe591ee08b54917c44378beff8d26a4211e/attempt-1/analysis/coverage.json,build/rupta-v1/historical-diagnostic-v1/runs/0.2.2/comm/f6119b65c403c4ea3b67a5cb74b4ebe591ee08b54917c44378beff8d26a4211e/attempt-1/analysis/normalized.json,comm,src/uu/comm/src/comm.rs::comm,39769e1e2c6cc077f167aacbe853c3cfb42c8cb49c1e6f6715b69bdaac403616,"[""comm::main"", ""uu_comm::uumain<std::iter::Cloned<std::slice::Iter<'{erased}, std::ffi::OsString>>>"", ""uu_comm::uumain::uumain<std::iter::Cloned<std::slice::Iter<'{erased}, std::ffi::OsString>>>"", ""uu_comm::comm""]",historical_rupta_results.json:observations:CVE-2026-35346:0:comm:linux,1,
CVE-2026-35347:0:comm:linux,CVE-2026-35347,0,comm,comm,linux,x86_64-unknown-linux-gnu,0.2.2/comm,3a07ffc5a9bd4c283e75afa548ba1f1957bad242,0.2.2,verified,verified,reviewed_primary_evidence,4,12,0.3333333333333333,4,5,0.8,False,False,authenticated_compiler_definition,completed,completed,observed_reachable,known_incomplete,provisional_graph_observed,observed_reachable,"{""declaration"": ""pub fn are_files_identical(path1: &Path, path2: &Path) -> io::Result<bool> {"", ""impl_header"": ""impl OrderChecker {"", ""line"": 119, ""source_sha256"": ""39769e1e2c6cc077f167aacbe853c3cfb42c8cb49c1e6f6715b69bdaac403616"", ""status"": ""authenticated_unique_declaration""}",0.2.2/comm,build/rupta-v1/historical-diagnostic-v1/runs/0.2.2/comm/f6119b65c403c4ea3b67a5cb74b4ebe591ee08b54917c44378beff8d26a4211e/attempt-1/analysis/coverage.json,build/rupta-v1/historical-diagnostic-v1/runs/0.2.2/comm/f6119b65c403c4ea3b67a5cb74b4ebe591ee08b54917c44378beff8d26a4211e/attempt-1/analysis/normalized.json,are_files_identical,src/uu/comm/src/comm.rs::are_files_identical,39769e1e2c6cc077f167aacbe853c3cfb42c8cb49c1e6f6715b69bdaac403616,"[""comm::main"", ""uu_comm::uumain<std::iter::Cloned<std::slice::Iter<'{erased}, std::ffi::OsString>>>"", ""uu_comm::uumain::uumain<std::iter::Cloned<std::slice::Iter<'{erased}, std::ffi::OsString>>>"", ""uu_comm::comm"", ""uu_comm::are_files_identical""]",historical_rupta_results.json:observations:CVE-2026-35347:0:comm:linux,1,
CVE-2026-35348:0:sort:linux,CVE-2026-35348,0,sort,sort,linux,x86_64-unknown-linux-gnu,0.2.2/sort,3a07ffc5a9bd4c283e75afa548ba1f1957bad242,0.2.2,verified,verified,reviewed_primary_evidence,,,,,,,False,False,authenticated_unique_declaration,completed,failure,not_assessed,not_assessed,build_or_analysis_failure,not_assessed,"{""declaration"": ""pub fn uumain(args: impl uucore::Args) -> UResult<()> {"", ""impl_header"": ""impl FieldSelector {"", ""line"": 1042, ""source_sha256"": ""446b5f00492ed42280593e2d38603622141027cd7e44cd42fa573692e854938d"", ""status"": ""authenticated_unique_declaration""}",,,,uumain,src/uu/sort/src/sort.rs::uumain,446b5f00492ed42280593e2d38603622141027cd7e44cd42fa573692e854938d,,historical_rupta_results.json:observations:CVE-2026-35348:0:sort:linux,0,":Split<std::io::BufReader<std::boxed::Box<dyn [Binder { value: Trait(std::io::Read), bound_vars: [] }, Binder { value: AutoTrait(DefId(2:42642 ~ core[b218]::marker::Send)), bound_vars: [] }] + '{erased}, std::alloc::Global>>>], .. })], .. }(Projection { def_id: DefId(2:10777 ~ core[b218]::iter::traits::collect::IntoIterator::IntoIter) })
[2026-10-10T02:17:27Z WARN  rupta::util::type_util] unnormalized alias type: Alias { kind: Projection { def_id: DefId(2:10777 ~ core[b218]::iter::traits::collect::IntoIterator::IntoIter) }, args: [Alias(No, Alias { kind: Projection { def_id: DefId(2:10959 ~ core[b218]::iter::traits::iterator::Iterator::Item) }, args: [std::io::Split<std::io::BufReader<std::boxed::Box<dyn [Binder { value: Trait(std::io::Read), bound_vars: [] }, Binder { value: AutoTrait(DefId(2:42642 ~ core[b218]::marker::Send)), bound_vars: [] }] + '{erased}, std::alloc::Global>>>], .. })], .. }(Projection { def_id: DefId(2:10777 ~ core[b218]::iter::traits::collect::IntoIterator::IntoIter) })
[2026-10-10T02:17:27Z WARN  rupta::util::type_util] unnormalized alias type: Alias { kind: Projection { def_id: DefId(2:10777 ~ core[b218]::iter::traits::collect::IntoIterator::IntoIter) }, args: [Alias(No, Alias { kind: Projection { def_id: DefId(2:10959 ~ core[b218]::iter::traits::iterator::Iterator::Item) }, args: [std::io::Split<std::io::BufReader<std::boxed::Box<dyn [Binder { value: Trait(std::io::Read), bound_vars: [] }, Binder { value: AutoTrait(DefId(2:42642 ~ core[b218]::marker::Send)), bound_vars: [] }] + '{erased}, std::alloc::Global>>>], .. })], .. }(Projection { def_id: DefId(2:10777 ~ core[b218]::iter::traits::collect::IntoIterator::IntoIter) })
[2026-10-10T02:17:27Z INFO  rupta::pta::andersen] Processing function FuncId(163) core::iter::traits::iterator::Iterator::enumerate<std::iter::Flatten<std::io::Split<std::io::BufReader<std::boxed::Box<dyn [Binder { value: Trait(std::io::Read), bound_vars: [] }, Binder { value: AutoTrait(DefId(2:42642 ~ core[b218]::marker::Send)), bound_vars: [] }] + '{erased}, std::alloc::Global>>>>>
[2026-10-10T02:17:27Z INFO  rupta::pta::andersen] Processing function FuncId(164) core::iter::traits::collect::{impl#0}::into_iter<std::iter::Enumerate<std::iter::Flatten<std::io::Split<std::io::BufReader<std::boxed::Box<dyn [Binder { value: Trait(std::io::Read), bound_vars: [] }, Binder { value: AutoTrait(DefId(2:42642 ~ core[b218]::marker::Send)), bound_vars: [] }] + '{erased}, std::alloc::Global>>>>>>
[2026-10-10T02:17:27Z INFO  rupta::pta::andersen] Processing function FuncId(165) core::iter::adapters::enumerate::{impl#1}::next<std::iter::Flatten<std::io::Split<std::io::BufReader<std::boxed::Box<dyn [Binder { value: Trait(std::io::Read), bound_vars: [] }, Binder { value: AutoTrait(DefId(2:42642 ~ core[b218]::marker::Send)), bound_vars: [] }] + '{erased}, std::alloc::Global>>>>>
[2026-10-10T02:17:27Z WARN  rupta::util::type_util] unnormalized alias type: Alias { kind: Projection { def_id: DefId(2:10959 ~ core[b218]::iter::traits::iterator::Iterator::Item) }, args: [std::iter::Flatten<std::io::Split<std::io::BufReader<std::boxed::Box<dyn [Binder { value: Trait(std::io::Read), bound_vars: [] }, Binder { value: AutoTrait(DefId(2:42642 ~ core[b218]::marker::Send)), bound_vars: [] }] + '{erased}, std::alloc::Global>>>>], .. }(Projection { def_id: DefId(2:10959 ~ core[b218]::iter::traits::iterator::Iterator::Item) })
[2026-10-10T02:17:27Z WARN  rupta::util::type_util] unnormalized alias type: Alias { kind: Projection { def_id: DefId(2:10959 ~ core[b218]::iter::traits::iterator::Iterator::Item) }, args: [std::iter::Flatten<std::io::Split<std::io::BufReader<std::boxed::Box<dyn [Binder { value: Trait(std::io::Read), bound_vars: [] }, Binder { value: AutoTrait(DefId(2:42642 ~ core[b218]::marker::Send)), bound_vars: [] }] + '{erased}, std::alloc::Global>>>>], .. }(Projection { def_id: DefId(2:10959 ~ core[b218]::iter::traits::iterator::Iterator::Item) })
[2026-10-10T02:17:27Z WARN  rupta::util::type_util] unnormalized alias type: Alias { kind: Projection { def_id: DefId(2:10959 ~ core[b218]::iter::traits::iterator::Iterator::Item) }, args: [std::iter::Flatten<std::io::Split<std::io::BufReader<std::boxed::Box<dyn [Binder { value: Trait(std::io::Read), bound_vars: [] }, Binder { value: AutoTrait(DefId(2:42642 ~ core[b218]::marker::Send)), bound_vars: [] }] + '{erased}, std::alloc::Global>>>>], .. }(Projection { def_id: DefId(2:10959 ~ core[b218]::iter::traits::iterator::Iterator::Item) })
{""$message_type"":""diagnostic"",""message"":""/rustc-dev/8925ea358a0f265ca61026aadc7ecc506c545cbe/compiler/rustc_middle/src/ty/instance.rs:640:21: failed to resolve instance for std::ptr::drop_glue::<<std::iter::Flatten<std::io::Split<std::io::BufReader<std::boxed::Box<dyn std::io::Read + std::marker::Send>>>> as std::iter::Iterator>::Item>"",""code"":null,""level"":""error: internal compiler error"",""spans"":[{""file_name"":""src/uu/sort/src/main.rs"",""byte_start"":0,""byte_end"":0,""line_start"":1,""line_end"":1,""column_start"":1,""column_end"":1,""is_primary"":true,""text"":[],""label"":null,""suggested_replacement"":null,""suggestion_applicability"":null,""expansion"":null}],""children"":[],""rendered"":""\u001b[1m\u001b[91merror: internal compiler error\u001b[0m\u001b[1m: /rustc-dev/8925ea358a0f265ca61026aadc7ecc506c545cbe/compiler/rustc_middle/src/ty/instance.rs:640:21: failed to resolve instance for std::ptr::drop_glue::<<std::iter::Flatten<std::io::Split<std::io::BufReader<std::boxed::Box<dyn std::io::Read + std::marker::Send>>>> as std::iter::Iterator>::Item>\u001b[0m\n\n""}

thread 'rustc' (6143) panicked at /rustc-dev/8925ea358a0f265ca61026aadc7ecc506c545cbe/compiler/rustc_middle/src/ty/instance.rs:640:21:
Box<dyn Any>
note: run with `RUST_BACKTRACE=1` environment variable to display a backtrace
{""$message_type"":""diagnostic"",""message"":""aborting due to 1 previous error"",""code"":null,""level"":""error"",""spans"":[],""children"":[],""rendered"":""\u001b[1m\u001b[91merror\u001b[0m\u001b[1m: aborting due to 1 previous error\u001b[0m\n\n""}
"
CVE-2026-35349:0:rm:linux,CVE-2026-35349,0,rm,rm,linux,x86_64-unknown-linux-gnu,0.2.2/rm,3a07ffc5a9bd4c283e75afa548ba1f1957bad242,0.2.2,verified,verified,reviewed_primary_evidence,4,12,0.3333333333333333,4,7,0.5714285714285714,False,False,authenticated_compiler_definition,completed,completed,observed_reachable,known_incomplete,provisional_graph_observed,observed_reachable,"{""declaration"": ""fn handle_dir(path: &Path, options: &Options) -> bool {"", ""impl_header"": ""impl Default for Options {"", ""line"": 537, ""source_sha256"": ""86c25d51788119f2dd54e5bb9ac9c47619cba14b983cff2389d1ed91fb18de29"", ""status"": ""authenticated_unique_declaration""}",0.2.2/rm,build/rupta-v1/historical-diagnostic-v1/runs/0.2.2/rm/8872e8b6aae13be5ac9b132d1d68f2b2f1ed2988ec06a8d630813ff7b4278a26/attempt-1/analysis/coverage.json,build/rupta-v1/historical-diagnostic-v1/runs/0.2.2/rm/8872e8b6aae13be5ac9b132d1d68f2b2f1ed2988ec06a8d630813ff7b4278a26/attempt-1/analysis/normalized.json,handle_dir,src/uu/rm/src/rm.rs::handle_dir,86c25d51788119f2dd54e5bb9ac9c47619cba14b983cff2389d1ed91fb18de29,"[""rm::main"", ""uu_rm::uumain<std::iter::Cloned<std::slice::Iter<'{erased}, std::ffi::OsString>>>"", ""uu_rm::uumain::uumain<std::iter::Cloned<std::slice::Iter<'{erased}, std::ffi::OsString>>>"", ""uu_rm::remove"", ""uu_rm::handle_dir""]",historical_rupta_results.json:observations:CVE-2026-35349:0:rm:linux,1,
CVE-2026-35350:0:cp:linux,CVE-2026-35350,0,cp,cp,linux,x86_64-unknown-linux-gnu,0.2.2/cp,3a07ffc5a9bd4c283e75afa548ba1f1957bad242,0.2.2,verified,verified,reviewed_primary_evidence,5,13,0.38461538461538464,5,11,0.45454545454545453,False,False,authenticated_compiler_definition,completed,completed,observed_reachable,known_incomplete,provisional_graph_observed,observed_reachable,"{""declaration"": ""pub(crate) fn copy_attributes("", ""impl_header"": ""impl OverwriteMode {"", ""line"": 1645, ""source_sha256"": ""c5ef82281f36f6e2bafb48380caad80730901f118629a9102205a6cda887e953"", ""status"": ""authenticated_unique_declaration""}",0.2.2/cp,build/rupta-v1/historical-diagnostic-v1/runs/0.2.2/cp/d91ab8a7178bd519e122b33777e131d3c4241effdd368da9b53b3a509f5ae7f4/attempt-1/analysis/coverage.json,build/rupta-v1/historical-diagnostic-v1/runs/0.2.2/cp/d91ab8a7178bd519e122b33777e131d3c4241effdd368da9b53b3a509f5ae7f4/attempt-1/analysis/normalized.json,copy_attributes,src/uu/cp/src/cp.rs::copy_attributes,c5ef82281f36f6e2bafb48380caad80730901f118629a9102205a6cda887e953,"[""cp::main"", ""uu_cp::uumain<std::iter::Cloned<std::slice::Iter<'{erased}, std::ffi::OsString>>>"", ""uu_cp::uumain::uumain<std::iter::Cloned<std::slice::Iter<'{erased}, std::ffi::OsString>>>"", ""uu_cp::copy"", ""uu_cp::copy_source"", ""uu_cp::copy_attributes""]",historical_rupta_results.json:observations:CVE-2026-35350:0:cp:linux,1,
CVE-2026-35351:0:mv:linux,CVE-2026-35351,0,mv,mv,linux,x86_64-unknown-linux-gnu,0.2.2/mv,3a07ffc5a9bd4c283e75afa548ba1f1957bad242,0.2.2,verified,verified,reviewed_primary_evidence,10,14,0.7142857142857143,10,14,0.7142857142857143,False,False,authenticated_compiler_definition,completed,completed,observed_reachable,known_incomplete,provisional_graph_observed,observed_reachable,"{""declaration"": ""fn rename_file_fallback("", ""impl_header"": ""impl Default for Options {"", ""line"": 1088, ""source_sha256"": ""c5c32ebfc7abad982aec4188ee81b24d2925d6bc1f3cddd4d1c7fc158f278f2b"", ""status"": ""authenticated_unique_declaration""}",0.2.2/mv,build/rupta-v1/historical-diagnostic-v1/runs/0.2.2/mv/1f4cb8194af015323c110619d394778dd821de35fa650d57d010894f95132b5c/attempt-1/analysis/coverage.json,build/rupta-v1/historical-diagnostic-v1/runs/0.2.2/mv/1f4cb8194af015323c110619d394778dd821de35fa650d57d010894f95132b5c/attempt-1/analysis/normalized.json,rename_file_fallback,src/uu/mv/src/mv.rs::rename_file_fallback,c5c32ebfc7abad982aec4188ee81b24d2925d6bc1f3cddd4d1c7fc158f278f2b,"[""mv::main"", ""uu_mv::uumain<std::iter::Cloned<std::slice::Iter<'{erased}, std::ffi::OsString>>>"", ""uu_mv::uumain::uumain<std::iter::Cloned<std::slice::Iter<'{erased}, std::ffi::OsString>>>"", ""uu_mv::mv"", ""uu_mv::handle_two_paths"", ""uu_mv::rename"", ""uu_mv::rename_with_fallback"", ""uu_mv::rename_with_fallback::{closure#0}<i32, Binder { value: extern \""RustCall\"" fn((std::io::Error,)) -> std::result::Result<(), std::io::Error>, bound_vars: [] }, (&'{erased} std::path::Path, &'{erased} std::path::Path, std::option::Option<&'{erased} mut uu_mv::hardlink::HardlinkTracker>, &'{erased} std::option::Option<&'{erased} uu_mv::hardlink::HardlinkGroupScanner>, &'{erased} std::option::Option<&'{erased} indicatif::multi::MultiProgress>)>"", ""uu_mv::hardlink::with_optional_hardlink_context<Closure(DefId(68:136 ~ uu_mv[ab64]::rename_with_fallback::{closure#0}::{closure#1}), [i32, Binder { value: extern \""RustCall\"" fn((&'^0 mut uu_mv::hardlink::HardlinkTracker, &'^1 uu_mv::hardlink::HardlinkGroupScanner)) -> std::result::Result<(), std::io::Error>, bound_vars: [Region(BrAnon), Region(BrAnon)] }, (&'{erased} std::path::Path, &'{erased} std::path::Path)]), std::result::Result<(), std::io::Error>>"", ""uu_mv::rename_with_fallback::{closure#0}::{closure#1}<i32, Binder { value: extern \""RustCall\"" fn((&'^0 mut uu_mv::hardlink::HardlinkTracker, &'^1 uu_mv::hardlink::HardlinkGroupScanner)) -> std::result::Result<(), std::io::Error>, bound_vars: [Region(BrAnon), Region(BrAnon)] }, (&'{erased} std::path::Path, &'{erased} std::path::Path)>"", ""uu_mv::rename_file_fallback""]",historical_rupta_results.json:observations:CVE-2026-35351:0:mv:linux,1,
CVE-2026-35351:1:mv:linux,CVE-2026-35351,1,mv,mv,linux,x86_64-unknown-linux-gnu,0.2.2/mv,3a07ffc5a9bd4c283e75afa548ba1f1957bad242,0.2.2,verified,verified,reviewed_primary_evidence,13,14,0.9285714285714286,13,14,0.9285714285714286,False,False,authenticated_compiler_definition,completed,completed,observed_reachable,known_incomplete,provisional_graph_observed,observed_reachable,"{""declaration"": ""fn copy_file_with_hardlinks_helper("", ""impl_header"": ""impl Default for Options {"", ""line"": 1058, ""source_sha256"": ""c5c32ebfc7abad982aec4188ee81b24d2925d6bc1f3cddd4d1c7fc158f278f2b"", ""status"": ""authenticated_unique_declaration""}",0.2.2/mv,build/rupta-v1/historical-diagnostic-v1/runs/0.2.2/mv/1f4cb8194af015323c110619d394778dd821de35fa650d57d010894f95132b5c/attempt-1/analysis/coverage.json,build/rupta-v1/historical-diagnostic-v1/runs/0.2.2/mv/1f4cb8194af015323c110619d394778dd821de35fa650d57d010894f95132b5c/attempt-1/analysis/normalized.json,copy_file_with_hardlinks_helper,src/uu/mv/src/mv.rs::copy_file_with_hardlinks_helper,c5c32ebfc7abad982aec4188ee81b24d2925d6bc1f3cddd4d1c7fc158f278f2b,"[""mv::main"", ""uu_mv::uumain<std::iter::Cloned<std::slice::Iter<'{erased}, std::ffi::OsString>>>"", ""uu_mv::uumain::uumain<std::iter::Cloned<std::slice::Iter<'{erased}, std::ffi::OsString>>>"", ""uu_mv::mv"", ""uu_mv::handle_two_paths"", ""uu_mv::rename"", ""uu_mv::rename_with_fallback"", ""uu_mv::rename_with_fallback::{closure#0}<i32, Binder { value: extern \""RustCall\"" fn((std::io::Error,)) -> std::result::Result<(), std::io::Error>, bound_vars: [] }, (&'{erased} std::path::Path, &'{erased} std::path::Path, std::option::Option<&'{erased} mut uu_mv::hardlink::HardlinkTracker>, &'{erased} std::option::Option<&'{erased} uu_mv::hardlink::HardlinkGroupScanner>, &'{erased} std::option::Option<&'{erased} indicatif::multi::MultiProgress>)>"", ""uu_mv::hardlink::with_optional_hardlink_context<Closure(DefId(68:135 ~ uu_mv[ab64]::rename_with_fallback::{closure#0}::{closure#0}), [i32, Binder { value: extern \""RustCall\"" fn((&'^0 mut uu_mv::hardlink::HardlinkTracker, &'^1 uu_mv::hardlink::HardlinkGroupScanner)) -> std::result::Result<(), std::io::Error>, bound_vars: [Region(BrAnon), Region(BrAnon)] }, (&'{erased} std::path::Path, &'{erased} std::path::Path, &'{erased} std::option::Option<&'{erased} indicatif::multi::MultiProgress>)]), std::result::Result<(), std::io::Error>>"", ""uu_mv::rename_with_fallback::{closure#0}::{closure#0}<i32, Binder { value: extern \""RustCall\"" fn((&'^0 mut uu_mv::hardlink::HardlinkTracker, &'^1 uu_mv::hardlink::HardlinkGroupScanner)) -> std::result::Result<(), std::io::Error>, bound_vars: [Region(BrAnon), Region(BrAnon)] }, (&'{erased} std::path::Path, &'{erased} std::path::Path, &'{erased} std::option::Option<&'{erased} indicatif::multi::MultiProgress>)>"", ""uu_mv::rename_dir_fallback"", ""uu_mv::copy_dir_contents"", ""uu_mv::copy_dir_contents_recursive"", ""uu_mv::copy_file_with_hardlinks_helper""]",historical_rupta_results.json:observations:CVE-2026-35351:1:mv:linux,1,
CVE-2026-35351:2:mv:linux,CVE-2026-35351,2,mv,mv,linux,x86_64-unknown-linux-gnu,0.2.2/mv,3a07ffc5a9bd4c283e75afa548ba1f1957bad242,0.2.2,verified,verified,reviewed_primary_evidence,12,14,0.8571428571428571,12,14,0.8571428571428571,False,False,authenticated_compiler_definition,completed,completed,observed_reachable,known_incomplete,provisional_graph_observed,observed_reachable,"{""declaration"": ""fn copy_dir_contents_recursive("", ""impl_header"": ""impl Default for Options {"", ""line"": 999, ""source_sha256"": ""c5c32ebfc7abad982aec4188ee81b24d2925d6bc1f3cddd4d1c7fc158f278f2b"", ""status"": ""authenticated_unique_declaration""}",0.2.2/mv,build/rupta-v1/historical-diagnostic-v1/runs/0.2.2/mv/1f4cb8194af015323c110619d394778dd821de35fa650d57d010894f95132b5c/attempt-1/analysis/coverage.json,build/rupta-v1/historical-diagnostic-v1/runs/0.2.2/mv/1f4cb8194af015323c110619d394778dd821de35fa650d57d010894f95132b5c/attempt-1/analysis/normalized.json,copy_dir_contents_recursive,src/uu/mv/src/mv.rs::copy_dir_contents_recursive,c5c32ebfc7abad982aec4188ee81b24d2925d6bc1f3cddd4d1c7fc158f278f2b,"[""mv::main"", ""uu_mv::uumain<std::iter::Cloned<std::slice::Iter<'{erased}, std::ffi::OsString>>>"", ""uu_mv::uumain::uumain<std::iter::Cloned<std::slice::Iter<'{erased}, std::ffi::OsString>>>"", ""uu_mv::mv"", ""uu_mv::handle_two_paths"", ""uu_mv::rename"", ""uu_mv::rename_with_fallback"", ""uu_mv::rename_with_fallback::{closure#0}<i32, Binder { value: extern \""RustCall\"" fn((std::io::Error,)) -> std::result::Result<(), std::io::Error>, bound_vars: [] }, (&'{erased} std::path::Path, &'{erased} std::path::Path, std::option::Option<&'{erased} mut uu_mv::hardlink::HardlinkTracker>, &'{erased} std::option::Option<&'{erased} uu_mv::hardlink::HardlinkGroupScanner>, &'{erased} std::option::Option<&'{erased} indicatif::multi::MultiProgress>)>"", ""uu_mv::hardlink::with_optional_hardlink_context<Closure(DefId(68:135 ~ uu_mv[ab64]::rename_with_fallback::{closure#0}::{closure#0}), [i32, Binder { value: extern \""RustCall\"" fn((&'^0 mut uu_mv::hardlink::HardlinkTracker, &'^1 uu_mv::hardlink::HardlinkGroupScanner)) -> std::result::Result<(), std::io::Error>, bound_vars: [Region(BrAnon), Region(BrAnon)] }, (&'{erased} std::path::Path, &'{erased} std::path::Path, &'{erased} std::option::Option<&'{erased} indicatif::multi::MultiProgress>)]), std::result::Result<(), std::io::Error>>"", ""uu_mv::rename_with_fallback::{closure#0}::{closure#0}<i32, Binder { value: extern \""RustCall\"" fn((&'^0 mut uu_mv::hardlink::HardlinkTracker, &'^1 uu_mv::hardlink::HardlinkGroupScanner)) -> std::result::Result<(), std::io::Error>, bound_vars: [Region(BrAnon), Region(BrAnon)] }, (&'{erased} std::path::Path, &'{erased} std::path::Path, &'{erased} std::option::Option<&'{erased} indicatif::multi::MultiProgress>)>"", ""uu_mv::rename_dir_fallback"", ""uu_mv::copy_dir_contents"", ""uu_mv::copy_dir_contents_recursive""]",historical_rupta_results.json:observations:CVE-2026-35351:2:mv:linux,1,
CVE-2026-35352:0:mkfifo:linux,CVE-2026-35352,0,mkfifo,mkfifo,linux,x86_64-unknown-linux-gnu,0.2.2/mkfifo,3a07ffc5a9bd4c283e75afa548ba1f1957bad242,0.2.2,verified,verified,reviewed_primary_evidence,2,12,0.16666666666666666,2,4,0.5,False,False,authenticated_compiler_definition,completed,completed,observed_reachable,known_incomplete,provisional_graph_observed,observed_reachable,"{""declaration"": ""pub fn uumain(args: impl uucore::Args) -> UResult<()> {"", ""impl_header"": null, ""line"": 25, ""source_sha256"": ""b9196814cd9042d047949d05ebade14005bed0bbdfe4cae1ecf93753faa8a04d"", ""status"": ""authenticated_unique_declaration""}",0.2.2/mkfifo,build/rupta-v1/historical-diagnostic-v1/runs/0.2.2/mkfifo/d09878a3b2dd19546fa254cac21af6d02d955686e780f47785765d5075374722/attempt-1/analysis/coverage.json,build/rupta-v1/historical-diagnostic-v1/runs/0.2.2/mkfifo/d09878a3b2dd19546fa254cac21af6d02d955686e780f47785765d5075374722/attempt-1/analysis/normalized.json,uumain,src/uu/mkfifo/src/mkfifo.rs::uumain,b9196814cd9042d047949d05ebade14005bed0bbdfe4cae1ecf93753faa8a04d,"[""mkfifo::main"", ""uu_mkfifo::uumain<std::iter::Cloned<std::slice::Iter<'{erased}, std::ffi::OsString>>>"", ""uu_mkfifo::uumain::uumain<std::iter::Cloned<std::slice::Iter<'{erased}, std::ffi::OsString>>>""]",historical_rupta_results.json:observations:CVE-2026-35352:0:mkfifo:linux,1,
CVE-2026-35353:0:mkdir:linux,CVE-2026-35353,0,mkdir,mkdir,linux,x86_64-unknown-linux-gnu,0.2.2/mkdir,3a07ffc5a9bd4c283e75afa548ba1f1957bad242,0.2.2,verified,verified,reviewed_primary_evidence,5,12,0.4166666666666667,5,7,0.7142857142857143,False,False,authenticated_compiler_definition,completed,completed,observed_reachable,known_incomplete,provisional_graph_observed,observed_reachable,"{""declaration"": ""fn create_dir(path: &Path, is_parent: bool, config: &Config) -> UResult<()> {"", ""impl_header"": null, ""line"": 222, ""source_sha256"": ""a3fda1b1cb6f54e361505cedfe56c880f8427a99096cff2135ae75ab98d86a9b"", ""status"": ""authenticated_unique_declaration""}",0.2.2/mkdir,build/rupta-v1/historical-diagnostic-v1/runs/0.2.2/mkdir/38871c4456b698fbfe2891f54ffa3ac8a58886757881d0f270425e78ae5f11fe/attempt-1/analysis/coverage.json,build/rupta-v1/historical-diagnostic-v1/runs/0.2.2/mkdir/38871c4456b698fbfe2891f54ffa3ac8a58886757881d0f270425e78ae5f11fe/attempt-1/analysis/normalized.json,create_dir,src/uu/mkdir/src/mkdir.rs::create_dir,a3fda1b1cb6f54e361505cedfe56c880f8427a99096cff2135ae75ab98d86a9b,"[""mkdir::main"", ""uu_mkdir::uumain<std::iter::Cloned<std::slice::Iter<'{erased}, std::ffi::OsString>>>"", ""uu_mkdir::uumain::uumain<std::iter::Cloned<std::slice::Iter<'{erased}, std::ffi::OsString>>>"", ""uu_mkdir::exec"", ""uu_mkdir::mkdir"", ""uu_mkdir::create_dir""]",historical_rupta_results.json:observations:CVE-2026-35353:0:mkdir:linux,1,
CVE-2026-35354:0:cp:linux,CVE-2026-35354,0,cp,cp,linux,x86_64-unknown-linux-gnu,0.2.2/cp,3a07ffc5a9bd4c283e75afa548ba1f1957bad242,0.2.2,verified,verified,reviewed_primary_evidence,9,13,0.6923076923076923,,11,,False,False,authenticated_compiler_definition,completed,completed,observed_reachable,known_incomplete,provisional_graph_observed,shared_target_excluded_from_sensitivity_scope,"{""declaration"": ""pub fn copy_xattrs<P: AsRef<Path>>(source: P, dest: P) -> std::io::Result<()> {"", ""impl_header"": null, ""line"": 23, ""source_sha256"": ""27bcb4db5cf5ab7e8fca43ef2d4f8049eb49f6c8cc23819df7e53a8b436caa93"", ""status"": ""authenticated_unique_declaration""}",0.2.2/cp,build/rupta-v1/historical-diagnostic-v1/runs/0.2.2/cp/d91ab8a7178bd519e122b33777e131d3c4241effdd368da9b53b3a509f5ae7f4/attempt-1/analysis/coverage.json,build/rupta-v1/historical-diagnostic-v1/runs/0.2.2/cp/d91ab8a7178bd519e122b33777e131d3c4241effdd368da9b53b3a509f5ae7f4/attempt-1/analysis/normalized.json,copy_xattrs,src/uucore/src/lib/features/fsxattr.rs::copy_xattrs,27bcb4db5cf5ab7e8fca43ef2d4f8049eb49f6c8cc23819df7e53a8b436caa93,"[""cp::main"", ""uu_cp::uumain<std::iter::Cloned<std::slice::Iter<'{erased}, std::ffi::OsString>>>"", ""uu_cp::uumain::uumain<std::iter::Cloned<std::slice::Iter<'{erased}, std::ffi::OsString>>>"", ""uu_cp::copy"", ""uu_cp::copy_source"", ""uu_cp::copy_attributes"", ""uu_cp::handle_preserve<Closure(DefId(70:320 ~ uu_cp[14b2]::copy_attributes::{closure#4}), [i8, Binder { value: extern \""RustCall\"" fn(()) -> std::result::Result<(), uu_cp::CpError>, bound_vars: [] }, (&'{erased} std::path::Path, &'{erased} std::path::Path)])>"", ""uu_cp::copy_attributes::{closure#4}<i8, Binder { value: extern \""RustCall\"" fn(()) -> std::result::Result<(), uu_cp::CpError>, bound_vars: [] }, (&'{erased} std::path::Path, &'{erased} std::path::Path)>"", ""uu_cp::copy_extended_attrs"", ""uucore::features::fsxattr::copy_xattrs<&'{erased} std::path::Path>""]",historical_rupta_results.json:observations:CVE-2026-35354:0:cp:linux,1,
CVE-2026-35354:0:mv:linux,CVE-2026-35354,0,mv,mv,linux,x86_64-unknown-linux-gnu,0.2.2/mv,3a07ffc5a9bd4c283e75afa548ba1f1957bad242,0.2.2,verified,verified,reviewed_primary_evidence,12,14,0.8571428571428571,,14,,False,False,authenticated_compiler_definition,completed,completed,observed_reachable,known_incomplete,provisional_graph_observed,shared_target_excluded_from_sensitivity_scope,"{""declaration"": ""pub fn copy_xattrs<P: AsRef<Path>>(source: P, dest: P) -> std::io::Result<()> {"", ""impl_header"": null, ""line"": 23, ""source_sha256"": ""27bcb4db5cf5ab7e8fca43ef2d4f8049eb49f6c8cc23819df7e53a8b436caa93"", ""status"": ""authenticated_unique_declaration""}",0.2.2/mv,build/rupta-v1/historical-diagnostic-v1/runs/0.2.2/mv/1f4cb8194af015323c110619d394778dd821de35fa650d57d010894f95132b5c/attempt-1/analysis/coverage.json,build/rupta-v1/historical-diagnostic-v1/runs/0.2.2/mv/1f4cb8194af015323c110619d394778dd821de35fa650d57d010894f95132b5c/attempt-1/analysis/normalized.json,copy_xattrs,src/uucore/src/lib/features/fsxattr.rs::copy_xattrs,27bcb4db5cf5ab7e8fca43ef2d4f8049eb49f6c8cc23819df7e53a8b436caa93,"[""mv::main"", ""uu_mv::uumain<std::iter::Cloned<std::slice::Iter<'{erased}, std::ffi::OsString>>>"", ""uu_mv::uumain::uumain<std::iter::Cloned<std::slice::Iter<'{erased}, std::ffi::OsString>>>"", ""uu_mv::mv"", ""uu_mv::handle_two_paths"", ""uu_mv::rename"", ""uu_mv::rename_with_fallback"", ""uu_mv::rename_with_fallback::{closure#0}<i32, Binder { value: extern \""RustCall\"" fn((std::io::Error,)) -> std::result::Result<(), std::io::Error>, bound_vars: [] }, (&'{erased} std::path::Path, &'{erased} std::path::Path, std::option::Option<&'{erased} mut uu_mv::hardlink::HardlinkTracker>, &'{erased} std::option::Option<&'{erased} uu_mv::hardlink::HardlinkGroupScanner>, &'{erased} std::option::Option<&'{erased} indicatif::multi::MultiProgress>)>"", ""uu_mv::hardlink::with_optional_hardlink_context<Closure(DefId(68:136 ~ uu_mv[ab64]::rename_with_fallback::{closure#0}::{closure#1}), [i32, Binder { value: extern \""RustCall\"" fn((&'^0 mut uu_mv::hardlink::HardlinkTracker, &'^1 uu_mv::hardlink::HardlinkGroupScanner)) -> std::result::Result<(), std::io::Error>, bound_vars: [Region(BrAnon), Region(BrAnon)] }, (&'{erased} std::path::Path, &'{erased} std::path::Path)]), std::result::Result<(), std::io::Error>>"", ""uu_mv::rename_with_fallback::{closure#0}::{closure#1}<i32, Binder { value: extern \""RustCall\"" fn((&'^0 mut uu_mv::hardlink::HardlinkTracker, &'^1 uu_mv::hardlink::HardlinkGroupScanner)) -> std::result::Result<(), std::io::Error>, bound_vars: [Region(BrAnon), Region(BrAnon)] }, (&'{erased} std::path::Path, &'{erased} std::path::Path)>"", ""uu_mv::rename_file_fallback"", ""uu_mv::rename_file_fallback::{closure#1}<i32, Binder { value: extern \""RustCall\"" fn((u64,)) -> std::result::Result<(), std::io::Error>, bound_vars: [] }, (&'{erased} &'{erased} std::path::Path, &'{erased} &'{erased} std::path::Path)>"", ""uucore::features::fsxattr::copy_xattrs<&'{erased} &'{erased} std::path::Path>""]",historical_rupta_results.json:observations:CVE-2026-35354:0:mv:linux,1,
CVE-2026-35354:1:mv:linux,CVE-2026-35354,1,mv,mv,linux,x86_64-unknown-linux-gnu,0.2.2/mv,3a07ffc5a9bd4c283e75afa548ba1f1957bad242,0.2.2,verified,verified,reviewed_primary_evidence,11,14,0.7857142857142857,,14,,False,False,authenticated_compiler_definition,completed,completed,observed_reachable,known_incomplete,provisional_graph_observed,shared_target_excluded_from_sensitivity_scope,"{""declaration"": ""pub fn retrieve_xattrs<P: AsRef<Path>>(source: P) -> std::io::Result<HashMap<OsString, Vec<u8>>> {"", ""impl_header"": null, ""line"": 41, ""source_sha256"": ""27bcb4db5cf5ab7e8fca43ef2d4f8049eb49f6c8cc23819df7e53a8b436caa93"", ""status"": ""authenticated_unique_declaration""}",0.2.2/mv,build/rupta-v1/historical-diagnostic-v1/runs/0.2.2/mv/1f4cb8194af015323c110619d394778dd821de35fa650d57d010894f95132b5c/attempt-1/analysis/coverage.json,build/rupta-v1/historical-diagnostic-v1/runs/0.2.2/mv/1f4cb8194af015323c110619d394778dd821de35fa650d57d010894f95132b5c/attempt-1/analysis/normalized.json,retrieve_xattrs,src/uucore/src/lib/features/fsxattr.rs::retrieve_xattrs,27bcb4db5cf5ab7e8fca43ef2d4f8049eb49f6c8cc23819df7e53a8b436caa93,"[""mv::main"", ""uu_mv::uumain<std::iter::Cloned<std::slice::Iter<'{erased}, std::ffi::OsString>>>"", ""uu_mv::uumain::uumain<std::iter::Cloned<std::slice::Iter<'{erased}, std::ffi::OsString>>>"", ""uu_mv::mv"", ""uu_mv::handle_two_paths"", ""uu_mv::rename"", ""uu_mv::rename_with_fallback"", ""uu_mv::rename_with_fallback::{closure#0}<i32, Binder { value: extern \""RustCall\"" fn((std::io::Error,)) -> std::result::Result<(), std::io::Error>, bound_vars: [] }, (&'{erased} std::path::Path, &'{erased} std::path::Path, std::option::Option<&'{erased} mut uu_mv::hardlink::HardlinkTracker>, &'{erased} std::option::Option<&'{erased} uu_mv::hardlink::HardlinkGroupScanner>, &'{erased} std::option::Option<&'{erased} indicatif::multi::MultiProgress>)>"", ""uu_mv::hardlink::with_optional_hardlink_context<Closure(DefId(68:135 ~ uu_mv[ab64]::rename_with_fallback::{closure#0}::{closure#0}), [i32, Binder { value: extern \""RustCall\"" fn((&'^0 mut uu_mv::hardlink::HardlinkTracker, &'^1 uu_mv::hardlink::HardlinkGroupScanner)) -> std::result::Result<(), std::io::Error>, bound_vars: [Region(BrAnon), Region(BrAnon)] }, (&'{erased} std::path::Path, &'{erased} std::path::Path, &'{erased} std::option::Option<&'{erased} indicatif::multi::MultiProgress>)]), std::result::Result<(), std::io::Error>>"", ""uu_mv::rename_with_fallback::{closure#0}::{closure#0}<i32, Binder { value: extern \""RustCall\"" fn((&'^0 mut uu_mv::hardlink::HardlinkTracker, &'^1 uu_mv::hardlink::HardlinkGroupScanner)) -> std::result::Result<(), std::io::Error>, bound_vars: [Region(BrAnon), Region(BrAnon)] }, (&'{erased} std::path::Path, &'{erased} std::path::Path, &'{erased} std::option::Option<&'{erased} indicatif::multi::MultiProgress>)>"", ""uu_mv::rename_dir_fallback"", ""uucore::features::fsxattr::retrieve_xattrs<&'{erased} std::path::Path>""]",historical_rupta_results.json:observations:CVE-2026-35354:1:mv:linux,1,
CVE-2026-35354:2:mv:linux,CVE-2026-35354,2,mv,mv,linux,x86_64-unknown-linux-gnu,0.2.2/mv,3a07ffc5a9bd4c283e75afa548ba1f1957bad242,0.2.2,verified,verified,reviewed_primary_evidence,11,14,0.7857142857142857,,14,,False,False,authenticated_compiler_definition,completed,completed,observed_reachable,known_incomplete,provisional_graph_observed,shared_target_excluded_from_sensitivity_scope,"{""declaration"": ""pub fn apply_xattrs<P: AsRef<Path>>("", ""impl_header"": null, ""line"": 61, ""source_sha256"": ""27bcb4db5cf5ab7e8fca43ef2d4f8049eb49f6c8cc23819df7e53a8b436caa93"", ""status"": ""authenticated_unique_declaration""}",0.2.2/mv,build/rupta-v1/historical-diagnostic-v1/runs/0.2.2/mv/1f4cb8194af015323c110619d394778dd821de35fa650d57d010894f95132b5c/attempt-1/analysis/coverage.json,build/rupta-v1/historical-diagnostic-v1/runs/0.2.2/mv/1f4cb8194af015323c110619d394778dd821de35fa650d57d010894f95132b5c/attempt-1/analysis/normalized.json,apply_xattrs,src/uucore/src/lib/features/fsxattr.rs::apply_xattrs,27bcb4db5cf5ab7e8fca43ef2d4f8049eb49f6c8cc23819df7e53a8b436caa93,"[""mv::main"", ""uu_mv::uumain<std::iter::Cloned<std::slice::Iter<'{erased}, std::ffi::OsString>>>"", ""uu_mv::uumain::uumain<std::iter::Cloned<std::slice::Iter<'{erased}, std::ffi::OsString>>>"", ""uu_mv::mv"", ""uu_mv::handle_two_paths"", ""uu_mv::rename"", ""uu_mv::rename_with_fallback"", ""uu_mv::rename_with_fallback::{closure#0}<i32, Binder { value: extern \""RustCall\"" fn((std::io::Error,)) -> std::result::Result<(), std::io::Error>, bound_vars: [] }, (&'{erased} std::path::Path, &'{erased} std::path::Path, std::option::Option<&'{erased} mut uu_mv::hardlink::HardlinkTracker>, &'{erased} std::option::Option<&'{erased} uu_mv::hardlink::HardlinkGroupScanner>, &'{erased} std::option::Option<&'{erased} indicatif::multi::MultiProgress>)>"", ""uu_mv::hardlink::with_optional_hardlink_context<Closure(DefId(68:135 ~ uu_mv[ab64]::rename_with_fallback::{closure#0}::{closure#0}), [i32, Binder { value: extern \""RustCall\"" fn((&'^0 mut uu_mv::hardlink::HardlinkTracker, &'^1 uu_mv::hardlink::HardlinkGroupScanner)) -> std::result::Result<(), std::io::Error>, bound_vars: [Region(BrAnon), Region(BrAnon)] }, (&'{erased} std::path::Path, &'{erased} std::path::Path, &'{erased} std::option::Option<&'{erased} indicatif::multi::MultiProgress>)]), std::result::Result<(), std::io::Error>>"", ""uu_mv::rename_with_fallback::{closure#0}::{closure#0}<i32, Binder { value: extern \""RustCall\"" fn((&'^0 mut uu_mv::hardlink::HardlinkTracker, &'^1 uu_mv::hardlink::HardlinkGroupScanner)) -> std::result::Result<(), std::io::Error>, bound_vars: [Region(BrAnon), Region(BrAnon)] }, (&'{erased} std::path::Path, &'{erased} std::path::Path, &'{erased} std::option::Option<&'{erased} indicatif::multi::MultiProgress>)>"", ""uu_mv::rename_dir_fallback"", ""uucore::features::fsxattr::apply_xattrs<&'{erased} std::path::Path>""]",historical_rupta_results.json:observations:CVE-2026-35354:2:mv:linux,1,
CVE-2026-35355:0:install:linux,CVE-2026-35355,0,install,install,linux,x86_64-unknown-linux-gnu,0.2.2/install,3a07ffc5a9bd4c283e75afa548ba1f1957bad242,0.2.2,verified,verified,reviewed_primary_evidence,5,12,0.4166666666666667,5,7,0.7142857142857143,False,False,authenticated_compiler_definition,completed,completed,observed_reachable,known_incomplete,provisional_graph_observed,observed_reachable,"{""declaration"": ""fn copy_file(from: &Path, to: &Path) -> UResult<()> {"", ""impl_header"": ""impl Behavior {"", ""line"": 786, ""source_sha256"": ""9debb0e9f0f6b7b13f06fcc80175dabbd60a7c9d06c02b0ce2c69b7a610765ed"", ""status"": ""authenticated_unique_declaration""}",0.2.2/install,build/rupta-v1/historical-diagnostic-v1/runs/0.2.2/install/e491d47f17253d220383132d71a012012ba4143d3f4c92df8e5186445e700400/attempt-1/analysis/coverage.json,build/rupta-v1/historical-diagnostic-v1/runs/0.2.2/install/e491d47f17253d220383132d71a012012ba4143d3f4c92df8e5186445e700400/attempt-1/analysis/normalized.json,copy_file,src/uu/install/src/install.rs::copy_file,9debb0e9f0f6b7b13f06fcc80175dabbd60a7c9d06c02b0ce2c69b7a610765ed,"[""install::main"", ""uu_install::uumain<std::iter::Cloned<std::slice::Iter<'{erased}, std::ffi::OsString>>>"", ""uu_install::uumain::uumain<std::iter::Cloned<std::slice::Iter<'{erased}, std::ffi::OsString>>>"", ""uu_install::standard"", ""uu_install::copy"", ""uu_install::copy_file""]",historical_rupta_results.json:observations:CVE-2026-35355:0:install:linux,1,
CVE-2026-35356:0:install:linux,CVE-2026-35356,0,install,install,linux,x86_64-unknown-linux-gnu,0.2.2/install,3a07ffc5a9bd4c283e75afa548ba1f1957bad242,0.2.2,verified,verified,reviewed_primary_evidence,3,12,0.25,3,7,0.42857142857142855,False,False,authenticated_compiler_definition,completed,completed,observed_reachable,known_incomplete,provisional_graph_observed,observed_reachable,"{""declaration"": ""fn standard(mut paths: Vec<OsString>, b: &Behavior) -> UResult<()> {"", ""impl_header"": ""impl Behavior {"", ""line"": 522, ""source_sha256"": ""9debb0e9f0f6b7b13f06fcc80175dabbd60a7c9d06c02b0ce2c69b7a610765ed"", ""status"": ""authenticated_unique_declaration""}",0.2.2/install,build/rupta-v1/historical-diagnostic-v1/runs/0.2.2/install/e491d47f17253d220383132d71a012012ba4143d3f4c92df8e5186445e700400/attempt-1/analysis/coverage.json,build/rupta-v1/historical-diagnostic-v1/runs/0.2.2/install/e491d47f17253d220383132d71a012012ba4143d3f4c92df8e5186445e700400/attempt-1/analysis/normalized.json,standard,src/uu/install/src/install.rs::standard,9debb0e9f0f6b7b13f06fcc80175dabbd60a7c9d06c02b0ce2c69b7a610765ed,"[""install::main"", ""uu_install::uumain<std::iter::Cloned<std::slice::Iter<'{erased}, std::ffi::OsString>>>"", ""uu_install::uumain::uumain<std::iter::Cloned<std::slice::Iter<'{erased}, std::ffi::OsString>>>"", ""uu_install::standard""]",historical_rupta_results.json:observations:CVE-2026-35356:0:install:linux,1,
CVE-2026-35356:1:install:linux,CVE-2026-35356,1,install,install,linux,x86_64-unknown-linux-gnu,0.2.2/install,3a07ffc5a9bd4c283e75afa548ba1f1957bad242,0.2.2,verified,verified,reviewed_primary_evidence,5,12,0.4166666666666667,5,7,0.7142857142857143,False,False,authenticated_compiler_definition,completed,completed,observed_reachable,known_incomplete,provisional_graph_observed,observed_reachable,"{""declaration"": ""fn copy_file(from: &Path, to: &Path) -> UResult<()> {"", ""impl_header"": ""impl Behavior {"", ""line"": 786, ""source_sha256"": ""9debb0e9f0f6b7b13f06fcc80175dabbd60a7c9d06c02b0ce2c69b7a610765ed"", ""status"": ""authenticated_unique_declaration""}",0.2.2/install,build/rupta-v1/historical-diagnostic-v1/runs/0.2.2/install/e491d47f17253d220383132d71a012012ba4143d3f4c92df8e5186445e700400/attempt-1/analysis/coverage.json,build/rupta-v1/historical-diagnostic-v1/runs/0.2.2/install/e491d47f17253d220383132d71a012012ba4143d3f4c92df8e5186445e700400/attempt-1/analysis/normalized.json,copy_file,src/uu/install/src/install.rs::copy_file,9debb0e9f0f6b7b13f06fcc80175dabbd60a7c9d06c02b0ce2c69b7a610765ed,"[""install::main"", ""uu_install::uumain<std::iter::Cloned<std::slice::Iter<'{erased}, std::ffi::OsString>>>"", ""uu_install::uumain::uumain<std::iter::Cloned<std::slice::Iter<'{erased}, std::ffi::OsString>>>"", ""uu_install::standard"", ""uu_install::copy"", ""uu_install::copy_file""]",historical_rupta_results.json:observations:CVE-2026-35356:1:install:linux,1,
CVE-2026-35357:0:cp:linux,CVE-2026-35357,0,cp,cp,linux,x86_64-unknown-linux-gnu,0.2.2/cp,3a07ffc5a9bd4c283e75afa548ba1f1957bad242,0.2.2,unresolved,verified,partial_verified_locations,9,13,0.6923076923076923,9,11,0.8181818181818182,False,False,authenticated_compiler_definition,completed,completed,observed_reachable,known_incomplete,provisional_graph_observed,observed_reachable,"{""declaration"": ""fn clone<P>(source: P, dest: P, fallback: CloneFallback) -> std::io::Result<()>"", ""impl_header"": null, ""line"": 57, ""source_sha256"": ""8577ba988d955659ba52c9a94702d10cb01149d41eba9543a98a62304bf5bb69"", ""status"": ""authenticated_unique_declaration""}",0.2.2/cp,build/rupta-v1/historical-diagnostic-v1/runs/0.2.2/cp/d91ab8a7178bd519e122b33777e131d3c4241effdd368da9b53b3a509f5ae7f4/attempt-1/analysis/coverage.json,build/rupta-v1/historical-diagnostic-v1/runs/0.2.2/cp/d91ab8a7178bd519e122b33777e131d3c4241effdd368da9b53b3a509f5ae7f4/attempt-1/analysis/normalized.json,clone,src/uu/cp/src/platform/linux.rs::clone,8577ba988d955659ba52c9a94702d10cb01149d41eba9543a98a62304bf5bb69,"[""cp::main"", ""uu_cp::uumain<std::iter::Cloned<std::slice::Iter<'{erased}, std::ffi::OsString>>>"", ""uu_cp::uumain::uumain<std::iter::Cloned<std::slice::Iter<'{erased}, std::ffi::OsString>>>"", ""uu_cp::copy"", ""uu_cp::copy_source"", ""uu_cp::copy_file"", ""uu_cp::handle_copy_mode"", ""uu_cp::copy_helper"", ""uu_cp::platform::linux::copy_on_write"", ""uu_cp::platform::linux::clone<&'{erased} std::path::Path>""]",historical_rupta_results.json:observations:CVE-2026-35357:0:cp:linux,1,
CVE-2026-35357:1:cp:linux,CVE-2026-35357,1,cp,cp,linux,x86_64-unknown-linux-gnu,0.2.2/cp,3a07ffc5a9bd4c283e75afa548ba1f1957bad242,0.2.2,unresolved,verified,partial_verified_locations,9,13,0.6923076923076923,9,11,0.8181818181818182,False,False,authenticated_compiler_definition,completed,completed,observed_reachable,known_incomplete,provisional_graph_observed,observed_reachable,"{""declaration"": ""fn sparse_copy_without_hole<P>(source: P, dest: P) -> std::io::Result<()>"", ""impl_header"": null, ""line"": 131, ""source_sha256"": ""8577ba988d955659ba52c9a94702d10cb01149d41eba9543a98a62304bf5bb69"", ""status"": ""authenticated_unique_declaration""}",0.2.2/cp,build/rupta-v1/historical-diagnostic-v1/runs/0.2.2/cp/d91ab8a7178bd519e122b33777e131d3c4241effdd368da9b53b3a509f5ae7f4/attempt-1/analysis/coverage.json,build/rupta-v1/historical-diagnostic-v1/runs/0.2.2/cp/d91ab8a7178bd519e122b33777e131d3c4241effdd368da9b53b3a509f5ae7f4/attempt-1/analysis/normalized.json,sparse_copy_without_hole,src/uu/cp/src/platform/linux.rs::sparse_copy_without_hole,8577ba988d955659ba52c9a94702d10cb01149d41eba9543a98a62304bf5bb69,"[""cp::main"", ""uu_cp::uumain<std::iter::Cloned<std::slice::Iter<'{erased}, std::ffi::OsString>>>"", ""uu_cp::uumain::uumain<std::iter::Cloned<std::slice::Iter<'{erased}, std::ffi::OsString>>>"", ""uu_cp::copy"", ""uu_cp::copy_source"", ""uu_cp::copy_file"", ""uu_cp::handle_copy_mode"", ""uu_cp::copy_helper"", ""uu_cp::platform::linux::copy_on_write"", ""uu_cp::platform::linux::sparse_copy_without_hole<&'{erased} std::path::Path>""]",historical_rupta_results.json:observations:CVE-2026-35357:1:cp:linux,1,
CVE-2026-35357:2:cp:linux,CVE-2026-35357,2,cp,cp,linux,x86_64-unknown-linux-gnu,0.2.2/cp,3a07ffc5a9bd4c283e75afa548ba1f1957bad242,0.2.2,unresolved,verified,partial_verified_locations,9,13,0.6923076923076923,9,11,0.8181818181818182,False,False,authenticated_compiler_definition,completed,completed,observed_reachable,known_incomplete,provisional_graph_observed,observed_reachable,"{""declaration"": ""fn sparse_copy<P>(source: P, dest: P) -> std::io::Result<()>"", ""impl_header"": null, ""line"": 181, ""source_sha256"": ""8577ba988d955659ba52c9a94702d10cb01149d41eba9543a98a62304bf5bb69"", ""status"": ""authenticated_unique_declaration""}",0.2.2/cp,build/rupta-v1/historical-diagnostic-v1/runs/0.2.2/cp/d91ab8a7178bd519e122b33777e131d3c4241effdd368da9b53b3a509f5ae7f4/attempt-1/analysis/coverage.json,build/rupta-v1/historical-diagnostic-v1/runs/0.2.2/cp/d91ab8a7178bd519e122b33777e131d3c4241effdd368da9b53b3a509f5ae7f4/attempt-1/analysis/normalized.json,sparse_copy,src/uu/cp/src/platform/linux.rs::sparse_copy,8577ba988d955659ba52c9a94702d10cb01149d41eba9543a98a62304bf5bb69,"[""cp::main"", ""uu_cp::uumain<std::iter::Cloned<std::slice::Iter<'{erased}, std::ffi::OsString>>>"", ""uu_cp::uumain::uumain<std::iter::Cloned<std::slice::Iter<'{erased}, std::ffi::OsString>>>"", ""uu_cp::copy"", ""uu_cp::copy_source"", ""uu_cp::copy_file"", ""uu_cp::handle_copy_mode"", ""uu_cp::copy_helper"", ""uu_cp::platform::linux::copy_on_write"", ""uu_cp::platform::linux::sparse_copy<&'{erased} std::path::Path>""]",historical_rupta_results.json:observations:CVE-2026-35357:2:cp:linux,1,
CVE-2026-35358:0:cp:linux,CVE-2026-35358,0,cp,cp,linux,x86_64-unknown-linux-gnu,0.2.2/cp,3a07ffc5a9bd4c283e75afa548ba1f1957bad242,0.2.2,verified,verified,reviewed_primary_evidence,7,13,0.5384615384615384,7,11,0.6363636363636364,False,False,authenticated_compiler_definition,completed,completed,observed_reachable,known_incomplete,provisional_graph_observed,observed_reachable,"{""declaration"": ""fn copy_helper("", ""impl_header"": ""impl OverwriteMode {"", ""line"": 2563, ""source_sha256"": ""c5ef82281f36f6e2bafb48380caad80730901f118629a9102205a6cda887e953"", ""status"": ""authenticated_unique_declaration""}",0.2.2/cp,build/rupta-v1/historical-diagnostic-v1/runs/0.2.2/cp/d91ab8a7178bd519e122b33777e131d3c4241effdd368da9b53b3a509f5ae7f4/attempt-1/analysis/coverage.json,build/rupta-v1/historical-diagnostic-v1/runs/0.2.2/cp/d91ab8a7178bd519e122b33777e131d3c4241effdd368da9b53b3a509f5ae7f4/attempt-1/analysis/normalized.json,copy_helper,src/uu/cp/src/cp.rs::copy_helper,c5ef82281f36f6e2bafb48380caad80730901f118629a9102205a6cda887e953,"[""cp::main"", ""uu_cp::uumain<std::iter::Cloned<std::slice::Iter<'{erased}, std::ffi::OsString>>>"", ""uu_cp::uumain::uumain<std::iter::Cloned<std::slice::Iter<'{erased}, std::ffi::OsString>>>"", ""uu_cp::copy"", ""uu_cp::copy_source"", ""uu_cp::copy_file"", ""uu_cp::handle_copy_mode"", ""uu_cp::copy_helper""]",historical_rupta_results.json:observations:CVE-2026-35358:0:cp:linux,1,
CVE-2026-35359:0:cp:linux,CVE-2026-35359,0,cp,cp,linux,x86_64-unknown-linux-gnu,0.2.2/cp,3a07ffc5a9bd4c283e75afa548ba1f1957bad242,0.2.2,unresolved,verified,partial_verified_locations,9,13,0.6923076923076923,9,11,0.8181818181818182,False,False,authenticated_compiler_definition,completed,completed,observed_reachable,known_incomplete,provisional_graph_observed,observed_reachable,"{""declaration"": ""fn clone<P>(source: P, dest: P, fallback: CloneFallback) -> std::io::Result<()>"", ""impl_header"": null, ""line"": 57, ""source_sha256"": ""8577ba988d955659ba52c9a94702d10cb01149d41eba9543a98a62304bf5bb69"", ""status"": ""authenticated_unique_declaration""}",0.2.2/cp,build/rupta-v1/historical-diagnostic-v1/runs/0.2.2/cp/d91ab8a7178bd519e122b33777e131d3c4241effdd368da9b53b3a509f5ae7f4/attempt-1/analysis/coverage.json,build/rupta-v1/historical-diagnostic-v1/runs/0.2.2/cp/d91ab8a7178bd519e122b33777e131d3c4241effdd368da9b53b3a509f5ae7f4/attempt-1/analysis/normalized.json,clone,src/uu/cp/src/platform/linux.rs::clone,8577ba988d955659ba52c9a94702d10cb01149d41eba9543a98a62304bf5bb69,"[""cp::main"", ""uu_cp::uumain<std::iter::Cloned<std::slice::Iter<'{erased}, std::ffi::OsString>>>"", ""uu_cp::uumain::uumain<std::iter::Cloned<std::slice::Iter<'{erased}, std::ffi::OsString>>>"", ""uu_cp::copy"", ""uu_cp::copy_source"", ""uu_cp::copy_file"", ""uu_cp::handle_copy_mode"", ""uu_cp::copy_helper"", ""uu_cp::platform::linux::copy_on_write"", ""uu_cp::platform::linux::clone<&'{erased} std::path::Path>""]",historical_rupta_results.json:observations:CVE-2026-35359:0:cp:linux,1,
CVE-2026-35359:1:cp:linux,CVE-2026-35359,1,cp,cp,linux,x86_64-unknown-linux-gnu,0.2.2/cp,3a07ffc5a9bd4c283e75afa548ba1f1957bad242,0.2.2,unresolved,verified,partial_verified_locations,9,13,0.6923076923076923,9,11,0.8181818181818182,False,False,authenticated_compiler_definition,completed,completed,observed_reachable,known_incomplete,provisional_graph_observed,observed_reachable,"{""declaration"": ""fn sparse_copy_without_hole<P>(source: P, dest: P) -> std::io::Result<()>"", ""impl_header"": null, ""line"": 131, ""source_sha256"": ""8577ba988d955659ba52c9a94702d10cb01149d41eba9543a98a62304bf5bb69"", ""status"": ""authenticated_unique_declaration""}",0.2.2/cp,build/rupta-v1/historical-diagnostic-v1/runs/0.2.2/cp/d91ab8a7178bd519e122b33777e131d3c4241effdd368da9b53b3a509f5ae7f4/attempt-1/analysis/coverage.json,build/rupta-v1/historical-diagnostic-v1/runs/0.2.2/cp/d91ab8a7178bd519e122b33777e131d3c4241effdd368da9b53b3a509f5ae7f4/attempt-1/analysis/normalized.json,sparse_copy_without_hole,src/uu/cp/src/platform/linux.rs::sparse_copy_without_hole,8577ba988d955659ba52c9a94702d10cb01149d41eba9543a98a62304bf5bb69,"[""cp::main"", ""uu_cp::uumain<std::iter::Cloned<std::slice::Iter<'{erased}, std::ffi::OsString>>>"", ""uu_cp::uumain::uumain<std::iter::Cloned<std::slice::Iter<'{erased}, std::ffi::OsString>>>"", ""uu_cp::copy"", ""uu_cp::copy_source"", ""uu_cp::copy_file"", ""uu_cp::handle_copy_mode"", ""uu_cp::copy_helper"", ""uu_cp::platform::linux::copy_on_write"", ""uu_cp::platform::linux::sparse_copy_without_hole<&'{erased} std::path::Path>""]",historical_rupta_results.json:observations:CVE-2026-35359:1:cp:linux,1,
CVE-2026-35359:2:cp:linux,CVE-2026-35359,2,cp,cp,linux,x86_64-unknown-linux-gnu,0.2.2/cp,3a07ffc5a9bd4c283e75afa548ba1f1957bad242,0.2.2,unresolved,verified,partial_verified_locations,9,13,0.6923076923076923,9,11,0.8181818181818182,False,False,authenticated_compiler_definition,completed,completed,observed_reachable,known_incomplete,provisional_graph_observed,observed_reachable,"{""declaration"": ""fn sparse_copy<P>(source: P, dest: P) -> std::io::Result<()>"", ""impl_header"": null, ""line"": 181, ""source_sha256"": ""8577ba988d955659ba52c9a94702d10cb01149d41eba9543a98a62304bf5bb69"", ""status"": ""authenticated_unique_declaration""}",0.2.2/cp,build/rupta-v1/historical-diagnostic-v1/runs/0.2.2/cp/d91ab8a7178bd519e122b33777e131d3c4241effdd368da9b53b3a509f5ae7f4/attempt-1/analysis/coverage.json,build/rupta-v1/historical-diagnostic-v1/runs/0.2.2/cp/d91ab8a7178bd519e122b33777e131d3c4241effdd368da9b53b3a509f5ae7f4/attempt-1/analysis/normalized.json,sparse_copy,src/uu/cp/src/platform/linux.rs::sparse_copy,8577ba988d955659ba52c9a94702d10cb01149d41eba9543a98a62304bf5bb69,"[""cp::main"", ""uu_cp::uumain<std::iter::Cloned<std::slice::Iter<'{erased}, std::ffi::OsString>>>"", ""uu_cp::uumain::uumain<std::iter::Cloned<std::slice::Iter<'{erased}, std::ffi::OsString>>>"", ""uu_cp::copy"", ""uu_cp::copy_source"", ""uu_cp::copy_file"", ""uu_cp::handle_copy_mode"", ""uu_cp::copy_helper"", ""uu_cp::platform::linux::copy_on_write"", ""uu_cp::platform::linux::sparse_copy<&'{erased} std::path::Path>""]",historical_rupta_results.json:observations:CVE-2026-35359:2:cp:linux,1,
CVE-2026-35359:3:cp:linux,CVE-2026-35359,3,cp,cp,linux,x86_64-unknown-linux-gnu,0.2.2/cp,3a07ffc5a9bd4c283e75afa548ba1f1957bad242,0.2.2,unresolved,verified,partial_verified_locations,9,13,0.6923076923076923,9,11,0.8181818181818182,False,False,authenticated_compiler_definition,completed,completed,observed_reachable,known_incomplete,provisional_graph_observed,observed_reachable,"{""declaration"": ""fn copy_stream<P>(source: P, dest: P) -> std::io::Result<u64>"", ""impl_header"": null, ""line"": 225, ""source_sha256"": ""8577ba988d955659ba52c9a94702d10cb01149d41eba9543a98a62304bf5bb69"", ""status"": ""authenticated_unique_declaration""}",0.2.2/cp,build/rupta-v1/historical-diagnostic-v1/runs/0.2.2/cp/d91ab8a7178bd519e122b33777e131d3c4241effdd368da9b53b3a509f5ae7f4/attempt-1/analysis/coverage.json,build/rupta-v1/historical-diagnostic-v1/runs/0.2.2/cp/d91ab8a7178bd519e122b33777e131d3c4241effdd368da9b53b3a509f5ae7f4/attempt-1/analysis/normalized.json,copy_stream,src/uu/cp/src/platform/linux.rs::copy_stream,8577ba988d955659ba52c9a94702d10cb01149d41eba9543a98a62304bf5bb69,"[""cp::main"", ""uu_cp::uumain<std::iter::Cloned<std::slice::Iter<'{erased}, std::ffi::OsString>>>"", ""uu_cp::uumain::uumain<std::iter::Cloned<std::slice::Iter<'{erased}, std::ffi::OsString>>>"", ""uu_cp::copy"", ""uu_cp::copy_source"", ""uu_cp::copy_file"", ""uu_cp::handle_copy_mode"", ""uu_cp::copy_helper"", ""uu_cp::platform::linux::copy_on_write"", ""uu_cp::platform::linux::copy_stream<&'{erased} std::path::Path>""]",historical_rupta_results.json:observations:CVE-2026-35359:3:cp:linux,1,
CVE-2026-35359:4:cp:linux,CVE-2026-35359,4,cp,cp,linux,x86_64-unknown-linux-gnu,0.2.2/cp,3a07ffc5a9bd4c283e75afa548ba1f1957bad242,0.2.2,unresolved,verified,partial_verified_locations,8,13,0.6153846153846154,8,11,0.7272727272727273,False,False,authenticated_compiler_definition,completed,completed,observed_reachable,known_incomplete,provisional_graph_observed,observed_reachable,"{""declaration"": ""pub(crate) fn copy_on_write("", ""impl_header"": null, ""line"": 268, ""source_sha256"": ""8577ba988d955659ba52c9a94702d10cb01149d41eba9543a98a62304bf5bb69"", ""status"": ""authenticated_unique_declaration""}",0.2.2/cp,build/rupta-v1/historical-diagnostic-v1/runs/0.2.2/cp/d91ab8a7178bd519e122b33777e131d3c4241effdd368da9b53b3a509f5ae7f4/attempt-1/analysis/coverage.json,build/rupta-v1/historical-diagnostic-v1/runs/0.2.2/cp/d91ab8a7178bd519e122b33777e131d3c4241effdd368da9b53b3a509f5ae7f4/attempt-1/analysis/normalized.json,copy_on_write,src/uu/cp/src/platform/linux.rs::copy_on_write,8577ba988d955659ba52c9a94702d10cb01149d41eba9543a98a62304bf5bb69,"[""cp::main"", ""uu_cp::uumain<std::iter::Cloned<std::slice::Iter<'{erased}, std::ffi::OsString>>>"", ""uu_cp::uumain::uumain<std::iter::Cloned<std::slice::Iter<'{erased}, std::ffi::OsString>>>"", ""uu_cp::copy"", ""uu_cp::copy_source"", ""uu_cp::copy_file"", ""uu_cp::handle_copy_mode"", ""uu_cp::copy_helper"", ""uu_cp::platform::linux::copy_on_write""]",historical_rupta_results.json:observations:CVE-2026-35359:4:cp:linux,1,
CVE-2026-35359:5:cp:other_unix,CVE-2026-35359,5,cp,cp,other_unix,,0.2.2/cp,3a07ffc5a9bd4c283e75afa548ba1f1957bad242,0.2.2,unresolved,verified,partial_verified_locations,,,,,,,False,False,frozen_source_qualified,platform_not_built,not_run,not_assessed,not_assessed,unsupported_platform,not_assessed,"{""declaration"": ""pub(crate) fn copy_on_write("", ""impl_header"": null, ""line"": 20, ""source_sha256"": ""4fd85329e24cd981ace58cac05ee3f6093b3ebabbea40ce6a86dbdba794ae95b"", ""status"": ""authenticated_unique_declaration""}",,,,copy_on_write,src/uu/cp/src/platform/other_unix.rs::copy_on_write,4fd85329e24cd981ace58cac05ee3f6093b3ebabbea40ce6a86dbdba794ae95b,,historical_rupta_results.json:observations:CVE-2026-35359:5:cp:other_unix,0,
CVE-2026-35359:6:cp:macos,CVE-2026-35359,6,cp,cp,macos,,0.2.2/cp,3a07ffc5a9bd4c283e75afa548ba1f1957bad242,0.2.2,unresolved,verified,partial_verified_locations,,,,,,,False,False,frozen_source_qualified,platform_not_built,not_run,not_assessed,not_assessed,unsupported_platform,not_assessed,"{""declaration"": ""pub(crate) fn copy_on_write("", ""impl_header"": null, ""line"": 23, ""source_sha256"": ""0d0093f267af84151dfd0ec22cc3163f1961fd7b6e6b6da8748b3658e8ea280c"", ""status"": ""authenticated_unique_declaration""}",,,,copy_on_write,src/uu/cp/src/platform/macos.rs::copy_on_write,0d0093f267af84151dfd0ec22cc3163f1961fd7b6e6b6da8748b3658e8ea280c,,historical_rupta_results.json:observations:CVE-2026-35359:6:cp:macos,0,
CVE-2026-35360:0:touch:linux,CVE-2026-35360,0,touch,touch,linux,x86_64-unknown-linux-gnu,0.2.2/touch,3a07ffc5a9bd4c283e75afa548ba1f1957bad242,0.2.2,verified,verified,reviewed_primary_evidence,4,12,0.3333333333333333,4,6,0.6666666666666666,False,False,authenticated_compiler_definition,completed,completed,observed_reachable,known_incomplete,provisional_graph_observed,observed_reachable,"{""declaration"": ""fn touch_file("", ""impl_header"": null, ""line"": 425, ""source_sha256"": ""23892ec14acdde41fe7e813264121291821d6f7c30e18531c86754a940de8fb8"", ""status"": ""authenticated_unique_declaration""}",0.2.2/touch,build/rupta-v1/historical-diagnostic-v1/runs/0.2.2/touch/1d6571da948d8e8335f9d7152d9dcec0f41ca5c60d05e174d102ba4194f5beb9/attempt-1/analysis/coverage.json,build/rupta-v1/historical-diagnostic-v1/runs/0.2.2/touch/1d6571da948d8e8335f9d7152d9dcec0f41ca5c60d05e174d102ba4194f5beb9/attempt-1/analysis/normalized.json,touch_file,src/uu/touch/src/touch.rs::touch_file,23892ec14acdde41fe7e813264121291821d6f7c30e18531c86754a940de8fb8,"[""touch::main"", ""uu_touch::uumain<std::iter::Cloned<std::slice::Iter<'{erased}, std::ffi::OsString>>>"", ""uu_touch::uumain::uumain<std::iter::Cloned<std::slice::Iter<'{erased}, std::ffi::OsString>>>"", ""uu_touch::touch"", ""uu_touch::touch_file""]",historical_rupta_results.json:observations:CVE-2026-35360:0:touch:linux,1,
CVE-2026-35361:0:mknod:linux,CVE-2026-35361,0,mknod,mknod,linux,x86_64-unknown-linux-gnu,0.2.2/mknod,3a07ffc5a9bd4c283e75afa548ba1f1957bad242,0.2.2,verified,verified,reviewed_primary_evidence,3,12,0.25,3,4,0.75,False,False,authenticated_compiler_definition,completed,completed,observed_reachable,known_incomplete,provisional_graph_observed,observed_reachable,"{""declaration"": ""fn mknod(file_name: &str, config: Config) -> i32 {"", ""impl_header"": ""impl FileType {"", ""line"": 69, ""source_sha256"": ""e145e980e7d2bc1f07c0dd05f4d79c257c4d91c0fca3d5b86612df70c83eb10a"", ""status"": ""authenticated_unique_declaration""}",0.2.2/mknod,build/rupta-v1/historical-diagnostic-v1/runs/0.2.2/mknod/a17d3abcb35e452e4baef50a1d5a4081429bfb40c4eeaef48d1f32979aa6490d/attempt-1/analysis/coverage.json,build/rupta-v1/historical-diagnostic-v1/runs/0.2.2/mknod/a17d3abcb35e452e4baef50a1d5a4081429bfb40c4eeaef48d1f32979aa6490d/attempt-1/analysis/normalized.json,mknod,src/uu/mknod/src/mknod.rs::mknod,e145e980e7d2bc1f07c0dd05f4d79c257c4d91c0fca3d5b86612df70c83eb10a,"[""mknod::main"", ""uu_mknod::uumain<std::iter::Cloned<std::slice::Iter<'{erased}, std::ffi::OsString>>>"", ""uu_mknod::uumain::uumain<std::iter::Cloned<std::slice::Iter<'{erased}, std::ffi::OsString>>>"", ""uu_mknod::mknod""]",historical_rupta_results.json:observations:CVE-2026-35361:0:mknod:linux,1,
CVE-2026-35363:0:rm:linux,CVE-2026-35363,0,rm,rm,linux,x86_64-unknown-linux-gnu,0.2.2/rm,3a07ffc5a9bd4c283e75afa548ba1f1957bad242,0.2.2,verified,verified,reviewed_primary_evidence,5,12,0.4166666666666667,5,7,0.7142857142857143,False,False,authenticated_compiler_definition,completed,completed,observed_reachable,known_incomplete,provisional_graph_observed,observed_reachable,"{""declaration"": ""fn path_is_current_or_parent_directory(path: &Path) -> bool {"", ""impl_header"": ""impl Default for Options {"", ""line"": 693, ""source_sha256"": ""86c25d51788119f2dd54e5bb9ac9c47619cba14b983cff2389d1ed91fb18de29"", ""status"": ""authenticated_unique_declaration""}",0.2.2/rm,build/rupta-v1/historical-diagnostic-v1/runs/0.2.2/rm/8872e8b6aae13be5ac9b132d1d68f2b2f1ed2988ec06a8d630813ff7b4278a26/attempt-1/analysis/coverage.json,build/rupta-v1/historical-diagnostic-v1/runs/0.2.2/rm/8872e8b6aae13be5ac9b132d1d68f2b2f1ed2988ec06a8d630813ff7b4278a26/attempt-1/analysis/normalized.json,path_is_current_or_parent_directory,src/uu/rm/src/rm.rs::path_is_current_or_parent_directory,86c25d51788119f2dd54e5bb9ac9c47619cba14b983cff2389d1ed91fb18de29,"[""rm::main"", ""uu_rm::uumain<std::iter::Cloned<std::slice::Iter<'{erased}, std::ffi::OsString>>>"", ""uu_rm::uumain::uumain<std::iter::Cloned<std::slice::Iter<'{erased}, std::ffi::OsString>>>"", ""uu_rm::remove"", ""uu_rm::handle_dir"", ""uu_rm::path_is_current_or_parent_directory""]",historical_rupta_results.json:observations:CVE-2026-35363:0:rm:linux,1,
CVE-2026-35364:0:mv:linux,CVE-2026-35364,0,mv,mv,linux,x86_64-unknown-linux-gnu,0.2.2/mv,3a07ffc5a9bd4c283e75afa548ba1f1957bad242,0.2.2,verified,verified,reviewed_primary_evidence,10,14,0.7142857142857143,10,14,0.7142857142857143,False,False,authenticated_compiler_definition,completed,completed,observed_reachable,known_incomplete,provisional_graph_observed,observed_reachable,"{""declaration"": ""fn rename_file_fallback("", ""impl_header"": ""impl Default for Options {"", ""line"": 1088, ""source_sha256"": ""c5c32ebfc7abad982aec4188ee81b24d2925d6bc1f3cddd4d1c7fc158f278f2b"", ""status"": ""authenticated_unique_declaration""}",0.2.2/mv,build/rupta-v1/historical-diagnostic-v1/runs/0.2.2/mv/1f4cb8194af015323c110619d394778dd821de35fa650d57d010894f95132b5c/attempt-1/analysis/coverage.json,build/rupta-v1/historical-diagnostic-v1/runs/0.2.2/mv/1f4cb8194af015323c110619d394778dd821de35fa650d57d010894f95132b5c/attempt-1/analysis/normalized.json,rename_file_fallback,src/uu/mv/src/mv.rs::rename_file_fallback,c5c32ebfc7abad982aec4188ee81b24d2925d6bc1f3cddd4d1c7fc158f278f2b,"[""mv::main"", ""uu_mv::uumain<std::iter::Cloned<std::slice::Iter<'{erased}, std::ffi::OsString>>>"", ""uu_mv::uumain::uumain<std::iter::Cloned<std::slice::Iter<'{erased}, std::ffi::OsString>>>"", ""uu_mv::mv"", ""uu_mv::handle_two_paths"", ""uu_mv::rename"", ""uu_mv::rename_with_fallback"", ""uu_mv::rename_with_fallback::{closure#0}<i32, Binder { value: extern \""RustCall\"" fn((std::io::Error,)) -> std::result::Result<(), std::io::Error>, bound_vars: [] }, (&'{erased} std::path::Path, &'{erased} std::path::Path, std::option::Option<&'{erased} mut uu_mv::hardlink::HardlinkTracker>, &'{erased} std::option::Option<&'{erased} uu_mv::hardlink::HardlinkGroupScanner>, &'{erased} std::option::Option<&'{erased} indicatif::multi::MultiProgress>)>"", ""uu_mv::hardlink::with_optional_hardlink_context<Closure(DefId(68:136 ~ uu_mv[ab64]::rename_with_fallback::{closure#0}::{closure#1}), [i32, Binder { value: extern \""RustCall\"" fn((&'^0 mut uu_mv::hardlink::HardlinkTracker, &'^1 uu_mv::hardlink::HardlinkGroupScanner)) -> std::result::Result<(), std::io::Error>, bound_vars: [Region(BrAnon), Region(BrAnon)] }, (&'{erased} std::path::Path, &'{erased} std::path::Path)]), std::result::Result<(), std::io::Error>>"", ""uu_mv::rename_with_fallback::{closure#0}::{closure#1}<i32, Binder { value: extern \""RustCall\"" fn((&'^0 mut uu_mv::hardlink::HardlinkTracker, &'^1 uu_mv::hardlink::HardlinkGroupScanner)) -> std::result::Result<(), std::io::Error>, bound_vars: [Region(BrAnon), Region(BrAnon)] }, (&'{erased} std::path::Path, &'{erased} std::path::Path)>"", ""uu_mv::rename_file_fallback""]",historical_rupta_results.json:observations:CVE-2026-35364:0:mv:linux,1,
CVE-2026-35365:0:mv:linux,CVE-2026-35365,0,mv,mv,linux,x86_64-unknown-linux-gnu,0.2.2/mv,3a07ffc5a9bd4c283e75afa548ba1f1957bad242,0.2.2,verified,verified,reviewed_primary_evidence,12,14,0.8571428571428571,12,14,0.8571428571428571,False,False,authenticated_compiler_definition,completed,completed,observed_reachable,known_incomplete,provisional_graph_observed,observed_reachable,"{""declaration"": ""fn copy_dir_contents_recursive("", ""impl_header"": ""impl Default for Options {"", ""line"": 999, ""source_sha256"": ""c5c32ebfc7abad982aec4188ee81b24d2925d6bc1f3cddd4d1c7fc158f278f2b"", ""status"": ""authenticated_unique_declaration""}",0.2.2/mv,build/rupta-v1/historical-diagnostic-v1/runs/0.2.2/mv/1f4cb8194af015323c110619d394778dd821de35fa650d57d010894f95132b5c/attempt-1/analysis/coverage.json,build/rupta-v1/historical-diagnostic-v1/runs/0.2.2/mv/1f4cb8194af015323c110619d394778dd821de35fa650d57d010894f95132b5c/attempt-1/analysis/normalized.json,copy_dir_contents_recursive,src/uu/mv/src/mv.rs::copy_dir_contents_recursive,c5c32ebfc7abad982aec4188ee81b24d2925d6bc1f3cddd4d1c7fc158f278f2b,"[""mv::main"", ""uu_mv::uumain<std::iter::Cloned<std::slice::Iter<'{erased}, std::ffi::OsString>>>"", ""uu_mv::uumain::uumain<std::iter::Cloned<std::slice::Iter<'{erased}, std::ffi::OsString>>>"", ""uu_mv::mv"", ""uu_mv::handle_two_paths"", ""uu_mv::rename"", ""uu_mv::rename_with_fallback"", ""uu_mv::rename_with_fallback::{closure#0}<i32, Binder { value: extern \""RustCall\"" fn((std::io::Error,)) -> std::result::Result<(), std::io::Error>, bound_vars: [] }, (&'{erased} std::path::Path, &'{erased} std::path::Path, std::option::Option<&'{erased} mut uu_mv::hardlink::HardlinkTracker>, &'{erased} std::option::Option<&'{erased} uu_mv::hardlink::HardlinkGroupScanner>, &'{erased} std::option::Option<&'{erased} indicatif::multi::MultiProgress>)>"", ""uu_mv::hardlink::with_optional_hardlink_context<Closure(DefId(68:135 ~ uu_mv[ab64]::rename_with_fallback::{closure#0}::{closure#0}), [i32, Binder { value: extern \""RustCall\"" fn((&'^0 mut uu_mv::hardlink::HardlinkTracker, &'^1 uu_mv::hardlink::HardlinkGroupScanner)) -> std::result::Result<(), std::io::Error>, bound_vars: [Region(BrAnon), Region(BrAnon)] }, (&'{erased} std::path::Path, &'{erased} std::path::Path, &'{erased} std::option::Option<&'{erased} indicatif::multi::MultiProgress>)]), std::result::Result<(), std::io::Error>>"", ""uu_mv::rename_with_fallback::{closure#0}::{closure#0}<i32, Binder { value: extern \""RustCall\"" fn((&'^0 mut uu_mv::hardlink::HardlinkTracker, &'^1 uu_mv::hardlink::HardlinkGroupScanner)) -> std::result::Result<(), std::io::Error>, bound_vars: [Region(BrAnon), Region(BrAnon)] }, (&'{erased} std::path::Path, &'{erased} std::path::Path, &'{erased} std::option::Option<&'{erased} indicatif::multi::MultiProgress>)>"", ""uu_mv::rename_dir_fallback"", ""uu_mv::copy_dir_contents"", ""uu_mv::copy_dir_contents_recursive""]",historical_rupta_results.json:observations:CVE-2026-35365:0:mv:linux,1,
CVE-2026-35366:0:printenv:linux,CVE-2026-35366,0,printenv,printenv,linux,x86_64-unknown-linux-gnu,0.2.2/printenv,3a07ffc5a9bd4c283e75afa548ba1f1957bad242,0.2.2,verified,verified,reviewed_primary_evidence,2,11,0.18181818181818182,2,3,0.6666666666666666,False,False,authenticated_compiler_definition,completed,completed,observed_reachable,known_incomplete,provisional_graph_observed,observed_reachable,"{""declaration"": ""pub fn uumain(args: impl uucore::Args) -> UResult<()> {"", ""impl_header"": null, ""line"": 16, ""source_sha256"": ""2ebdd30773b68fd35b34d61a904f23fba34e408a1e13a85194aafb149a88ef53"", ""status"": ""authenticated_unique_declaration""}",0.2.2/printenv,build/rupta-v1/historical-diagnostic-v1/runs/0.2.2/printenv/ffed323b3d1673e1a32cfb3a649daac655d8a4727af8cb67c08d216ab02dc84b/attempt-1/analysis/coverage.json,build/rupta-v1/historical-diagnostic-v1/runs/0.2.2/printenv/ffed323b3d1673e1a32cfb3a649daac655d8a4727af8cb67c08d216ab02dc84b/attempt-1/analysis/normalized.json,uumain,src/uu/printenv/src/printenv.rs::uumain,2ebdd30773b68fd35b34d61a904f23fba34e408a1e13a85194aafb149a88ef53,"[""printenv::main"", ""uu_printenv::uumain<std::iter::Cloned<std::slice::Iter<'{erased}, std::ffi::OsString>>>"", ""uu_printenv::uumain::uumain<std::iter::Cloned<std::slice::Iter<'{erased}, std::ffi::OsString>>>""]",historical_rupta_results.json:observations:CVE-2026-35366:0:printenv:linux,1,
CVE-2026-35367:0:nohup:linux,CVE-2026-35367,0,nohup,nohup,linux,x86_64-unknown-linux-gnu,0.2.2/nohup,3a07ffc5a9bd4c283e75afa548ba1f1957bad242,0.2.2,verified,verified,reviewed_primary_evidence,4,11,0.36363636363636365,4,4,1.0,False,False,authenticated_compiler_definition,completed,completed,observed_reachable,known_incomplete,provisional_graph_observed,observed_reachable,"{""declaration"": ""fn find_stdout() -> UResult<File> {"", ""impl_header"": ""impl UError for NohupError {"", ""line"": 129, ""source_sha256"": ""fa94495e5d4be3e4c139662fc0bb2a7164612de03f26e4bd1ab6561e8c7a5b02"", ""status"": ""authenticated_unique_declaration""}",0.2.2/nohup,build/rupta-v1/historical-diagnostic-v1/runs/0.2.2/nohup/16b73eaf3627933814326bddcc3f1058b4b35ce1481e76fed88fda9b4899f9d6/attempt-1/analysis/coverage.json,build/rupta-v1/historical-diagnostic-v1/runs/0.2.2/nohup/16b73eaf3627933814326bddcc3f1058b4b35ce1481e76fed88fda9b4899f9d6/attempt-1/analysis/normalized.json,find_stdout,src/uu/nohup/src/nohup.rs::find_stdout,fa94495e5d4be3e4c139662fc0bb2a7164612de03f26e4bd1ab6561e8c7a5b02,"[""nohup::main"", ""uu_nohup::uumain<std::iter::Cloned<std::slice::Iter<'{erased}, std::ffi::OsString>>>"", ""uu_nohup::uumain::uumain<std::iter::Cloned<std::slice::Iter<'{erased}, std::ffi::OsString>>>"", ""uu_nohup::replace_fds"", ""uu_nohup::find_stdout""]",historical_rupta_results.json:observations:CVE-2026-35367:0:nohup:linux,1,
CVE-2026-35368:0:chroot:linux,CVE-2026-35368,0,chroot,chroot,linux,x86_64-unknown-linux-gnu,0.2.2/chroot,3a07ffc5a9bd4c283e75afa548ba1f1957bad242,0.2.2,verified,verified,reviewed_primary_evidence,3,11,0.2727272727272727,3,6,0.5,False,False,authenticated_compiler_definition,completed,completed,observed_reachable,known_incomplete,provisional_graph_observed,observed_reachable,"{""declaration"": ""fn set_context(options: &Options) -> UResult<()> {"", ""impl_header"": ""impl Options {"", ""line"": 402, ""source_sha256"": ""1ba47d066bb42cb77d980109cbb59f776253583fbe4e289515f6a301929a9e1d"", ""status"": ""authenticated_unique_declaration""}",0.2.2/chroot,build/rupta-v1/historical-diagnostic-v1/runs/0.2.2/chroot/9c9f486423b29c1858355c7c89c71a01f83572985b4fbccbab0d2977597c807a/attempt-1/analysis/coverage.json,build/rupta-v1/historical-diagnostic-v1/runs/0.2.2/chroot/9c9f486423b29c1858355c7c89c71a01f83572985b4fbccbab0d2977597c807a/attempt-1/analysis/normalized.json,set_context,src/uu/chroot/src/chroot.rs::set_context,1ba47d066bb42cb77d980109cbb59f776253583fbe4e289515f6a301929a9e1d,"[""chroot::main"", ""uu_chroot::uumain<std::iter::Cloned<std::slice::Iter<'{erased}, std::ffi::OsString>>>"", ""uu_chroot::uumain::uumain<std::iter::Cloned<std::slice::Iter<'{erased}, std::ffi::OsString>>>"", ""uu_chroot::set_context""]",historical_rupta_results.json:observations:CVE-2026-35368:0:chroot:linux,1,
CVE-2026-35369:0:kill:linux,CVE-2026-35369,0,kill,kill,linux,x86_64-unknown-linux-gnu,0.2.2/kill,3a07ffc5a9bd4c283e75afa548ba1f1957bad242,0.2.2,verified,verified,reviewed_primary_evidence,3,12,0.25,3,6,0.5,False,False,authenticated_compiler_definition,completed,completed,observed_reachable,known_incomplete,provisional_graph_observed,observed_reachable,"{""declaration"": ""pub fn uu_app() -> Command {"", ""impl_header"": null, ""line"": 99, ""source_sha256"": ""6f23c3c55b3a0c2ced9eed945fc50ba2739bbae309adb708adee192b8dc124f7"", ""status"": ""authenticated_unique_declaration""}",0.2.2/kill,build/rupta-v1/historical-diagnostic-v1/runs/0.2.2/kill/cfa5f715576ef166df09138b41f4bd664a169975dc036aa9a99f65b4796ec9f3/attempt-1/analysis/coverage.json,build/rupta-v1/historical-diagnostic-v1/runs/0.2.2/kill/cfa5f715576ef166df09138b41f4bd664a169975dc036aa9a99f65b4796ec9f3/attempt-1/analysis/normalized.json,uu_app,src/uu/kill/src/kill.rs::uu_app,6f23c3c55b3a0c2ced9eed945fc50ba2739bbae309adb708adee192b8dc124f7,"[""kill::main"", ""uu_kill::uumain<std::iter::Cloned<std::slice::Iter<'{erased}, std::ffi::OsString>>>"", ""uu_kill::uumain::uumain<std::iter::Cloned<std::slice::Iter<'{erased}, std::ffi::OsString>>>"", ""uu_kill::uu_app""]",historical_rupta_results.json:observations:CVE-2026-35369:0:kill:linux,1,
CVE-2026-35370:0:id:linux,CVE-2026-35370,0,id,id,linux,x86_64-unknown-linux-gnu,0.2.2/id,3a07ffc5a9bd4c283e75afa548ba1f1957bad242,0.2.2,verified,verified,reviewed_primary_evidence,2,12,0.16666666666666666,2,5,0.4,False,False,authenticated_compiler_definition,completed,completed,observed_reachable,known_incomplete,provisional_graph_observed,observed_reachable,"{""declaration"": ""pub fn uumain(args: impl uucore::Args) -> UResult<()> {"", ""impl_header"": null, ""line"": 121, ""source_sha256"": ""a7e02874f51dcfb44f84d67eb04b7a9bfbb44c45a7a76a697230e50a0947ea25"", ""status"": ""authenticated_unique_declaration""}",0.2.2/id,build/rupta-v1/historical-diagnostic-v1/runs/0.2.2/id/cceb152c4a5dd6f9562a6a7a06e473db841dbdae01b1e0ccf1bcd503f2300c51/attempt-1/analysis/coverage.json,build/rupta-v1/historical-diagnostic-v1/runs/0.2.2/id/cceb152c4a5dd6f9562a6a7a06e473db841dbdae01b1e0ccf1bcd503f2300c51/attempt-1/analysis/normalized.json,uumain,src/uu/id/src/id.rs::uumain,a7e02874f51dcfb44f84d67eb04b7a9bfbb44c45a7a76a697230e50a0947ea25,"[""id::main"", ""uu_id::uumain<std::iter::Cloned<std::slice::Iter<'{erased}, std::ffi::OsString>>>"", ""uu_id::uumain::uumain<std::iter::Cloned<std::slice::Iter<'{erased}, std::ffi::OsString>>>""]",historical_rupta_results.json:observations:CVE-2026-35370:0:id:linux,1,
CVE-2026-35371:0:id:linux,CVE-2026-35371,0,id,id,linux,x86_64-unknown-linux-gnu,0.2.2/id,3a07ffc5a9bd4c283e75afa548ba1f1957bad242,0.2.2,verified,verified,reviewed_primary_evidence,3,12,0.25,3,5,0.6,False,False,authenticated_compiler_definition,completed,completed,observed_reachable,known_incomplete,provisional_graph_observed,observed_reachable,"{""declaration"": ""fn pretty(possible_pw: Option<Passwd>) {"", ""impl_header"": null, ""line"": 451, ""source_sha256"": ""a7e02874f51dcfb44f84d67eb04b7a9bfbb44c45a7a76a697230e50a0947ea25"", ""status"": ""authenticated_unique_declaration""}",0.2.2/id,build/rupta-v1/historical-diagnostic-v1/runs/0.2.2/id/cceb152c4a5dd6f9562a6a7a06e473db841dbdae01b1e0ccf1bcd503f2300c51/attempt-1/analysis/coverage.json,build/rupta-v1/historical-diagnostic-v1/runs/0.2.2/id/cceb152c4a5dd6f9562a6a7a06e473db841dbdae01b1e0ccf1bcd503f2300c51/attempt-1/analysis/normalized.json,pretty,src/uu/id/src/id.rs::pretty,a7e02874f51dcfb44f84d67eb04b7a9bfbb44c45a7a76a697230e50a0947ea25,"[""id::main"", ""uu_id::uumain<std::iter::Cloned<std::slice::Iter<'{erased}, std::ffi::OsString>>>"", ""uu_id::uumain::uumain<std::iter::Cloned<std::slice::Iter<'{erased}, std::ffi::OsString>>>"", ""uu_id::pretty""]",historical_rupta_results.json:observations:CVE-2026-35371:0:id:linux,1,
CVE-2026-35372:0:ln:linux,CVE-2026-35372,0,ln,ln,linux,x86_64-unknown-linux-gnu,0.2.2/ln,3a07ffc5a9bd4c283e75afa548ba1f1957bad242,0.2.2,verified,verified,reviewed_primary_evidence,4,12,0.3333333333333333,4,5,0.8,False,False,authenticated_compiler_definition,completed,completed,observed_reachable,known_incomplete,provisional_graph_observed,observed_reachable,"{""declaration"": ""fn link_files_in_dir(files: &[PathBuf], target_dir: &Path, settings: &Settings) -> UResult<()> {"", ""impl_header"": ""impl UError for LnError {"", ""line"": 282, ""source_sha256"": ""dfb3bd6d1576d16c46c40cf722a1e9073ba35c621da28366338e022d32df2547"", ""status"": ""authenticated_unique_declaration""}",0.2.2/ln,build/rupta-v1/historical-diagnostic-v1/runs/0.2.2/ln/0f67d784bb34768c2502f0c4093e3e52b31337089b4c4a43e692e2ba46b1e1f0/attempt-1/analysis/coverage.json,build/rupta-v1/historical-diagnostic-v1/runs/0.2.2/ln/0f67d784bb34768c2502f0c4093e3e52b31337089b4c4a43e692e2ba46b1e1f0/attempt-1/analysis/normalized.json,link_files_in_dir,src/uu/ln/src/ln.rs::link_files_in_dir,dfb3bd6d1576d16c46c40cf722a1e9073ba35c621da28366338e022d32df2547,"[""ln::main"", ""uu_ln::uumain<std::iter::Cloned<std::slice::Iter<'{erased}, std::ffi::OsString>>>"", ""uu_ln::uumain::uumain<std::iter::Cloned<std::slice::Iter<'{erased}, std::ffi::OsString>>>"", ""uu_ln::exec"", ""uu_ln::link_files_in_dir""]",historical_rupta_results.json:observations:CVE-2026-35372:0:ln:linux,1,
CVE-2026-35373:0:ln:linux,CVE-2026-35373,0,ln,ln,linux,x86_64-unknown-linux-gnu,0.2.2/ln,3a07ffc5a9bd4c283e75afa548ba1f1957bad242,0.2.2,verified,verified,reviewed_primary_evidence,4,12,0.3333333333333333,4,5,0.8,False,False,authenticated_compiler_definition,completed,completed,observed_reachable,known_incomplete,provisional_graph_observed,observed_reachable,"{""declaration"": ""fn link_files_in_dir(files: &[PathBuf], target_dir: &Path, settings: &Settings) -> UResult<()> {"", ""impl_header"": ""impl UError for LnError {"", ""line"": 282, ""source_sha256"": ""dfb3bd6d1576d16c46c40cf722a1e9073ba35c621da28366338e022d32df2547"", ""status"": ""authenticated_unique_declaration""}",0.2.2/ln,build/rupta-v1/historical-diagnostic-v1/runs/0.2.2/ln/0f67d784bb34768c2502f0c4093e3e52b31337089b4c4a43e692e2ba46b1e1f0/attempt-1/analysis/coverage.json,build/rupta-v1/historical-diagnostic-v1/runs/0.2.2/ln/0f67d784bb34768c2502f0c4093e3e52b31337089b4c4a43e692e2ba46b1e1f0/attempt-1/analysis/normalized.json,link_files_in_dir,src/uu/ln/src/ln.rs::link_files_in_dir,dfb3bd6d1576d16c46c40cf722a1e9073ba35c621da28366338e022d32df2547,"[""ln::main"", ""uu_ln::uumain<std::iter::Cloned<std::slice::Iter<'{erased}, std::ffi::OsString>>>"", ""uu_ln::uumain::uumain<std::iter::Cloned<std::slice::Iter<'{erased}, std::ffi::OsString>>>"", ""uu_ln::exec"", ""uu_ln::link_files_in_dir""]",historical_rupta_results.json:observations:CVE-2026-35373:0:ln:linux,1,
CVE-2026-35374:0:split:linux,CVE-2026-35374,0,split,split,linux,x86_64-unknown-linux-gnu,0.2.2/split,3a07ffc5a9bd4c283e75afa548ba1f1957bad242,0.2.2,verified,verified,reviewed_primary_evidence,6,12,0.5,6,8,0.75,False,False,authenticated_compiler_definition,completed,completed,observed_reachable,known_incomplete,provisional_graph_observed,observed_reachable,"{""declaration"": ""pub fn instantiate_current_writer("", ""impl_header"": ""impl Drop for FilterWriter {"", ""line"": 128, ""source_sha256"": ""92f04ea44f07c3c8614335adfd8e519ec11dc9e51f49a40c8e7c1d7d9c385efd"", ""status"": ""authenticated_unique_declaration""}",0.2.2/split,build/rupta-v1/historical-diagnostic-v1/runs/0.2.2/split/e6f48faa945c06f4c96b32e4e830fd0f73eb3a4ff2d1e1ba496654de4a3b4182/attempt-1/analysis/coverage.json,build/rupta-v1/historical-diagnostic-v1/runs/0.2.2/split/e6f48faa945c06f4c96b32e4e830fd0f73eb3a4ff2d1e1ba496654de4a3b4182/attempt-1/analysis/normalized.json,instantiate_current_writer,src/uu/split/src/platform/unix.rs::instantiate_current_writer,92f04ea44f07c3c8614335adfd8e519ec11dc9e51f49a40c8e7c1d7d9c385efd,"[""split::main"", ""uu_split::uumain<std::iter::Cloned<std::slice::Iter<'{erased}, std::ffi::OsString>>>"", ""uu_split::uumain::uumain<std::iter::Cloned<std::slice::Iter<'{erased}, std::ffi::OsString>>>"", ""uu_split::split"", ""uu_split::{impl#2}::new<>"", ""uu_split::{impl#1}::instantiate_current_writer"", ""uu_split::platform::unix::instantiate_current_writer""]",historical_rupta_results.json:observations:CVE-2026-35374:0:split:linux,1,
CVE-2026-35374:1:split:windows,CVE-2026-35374,1,split,split,windows,,0.2.2/split,3a07ffc5a9bd4c283e75afa548ba1f1957bad242,0.2.2,verified,verified,reviewed_primary_evidence,,,,,,,False,False,frozen_source_qualified,platform_not_built,not_run,not_assessed,not_assessed,unsupported_platform,not_assessed,"{""declaration"": ""pub fn instantiate_current_writer("", ""impl_header"": null, ""line"": 16, ""source_sha256"": ""dd0a2d076e5a8891d2829b6ac07fc07c3d48e33e1f9c0bacc4210f6545b84ece"", ""status"": ""authenticated_unique_declaration""}",,,,instantiate_current_writer,src/uu/split/src/platform/windows.rs::instantiate_current_writer,dd0a2d076e5a8891d2829b6ac07fc07c3d48e33e1f9c0bacc4210f6545b84ece,,historical_rupta_results.json:observations:CVE-2026-35374:1:split:windows,0,
CVE-2026-35375:0:split:linux,CVE-2026-35375,0,split,split,linux,x86_64-unknown-linux-gnu,0.2.2/split,3a07ffc5a9bd4c283e75afa548ba1f1957bad242,0.2.2,verified,verified,reviewed_primary_evidence,5,12,0.4166666666666667,5,8,0.625,False,False,authenticated_compiler_definition,completed,completed,observed_reachable,known_incomplete,provisional_graph_observed,observed_reachable,"{""declaration"": ""fn next(&mut self) -> Option<Self::Item> {"", ""impl_header"": ""impl Iterator for FilenameIterator<'_> {"", ""line"": 341, ""source_sha256"": ""103508b2557420ccb055ade9b967451e4a49727ada9624491c1ec45ba0f6d084"", ""status"": ""authenticated_unique_declaration""}",0.2.2/split,build/rupta-v1/historical-diagnostic-v1/runs/0.2.2/split/e6f48faa945c06f4c96b32e4e830fd0f73eb3a4ff2d1e1ba496654de4a3b4182/attempt-1/analysis/coverage.json,build/rupta-v1/historical-diagnostic-v1/runs/0.2.2/split/e6f48faa945c06f4c96b32e4e830fd0f73eb3a4ff2d1e1ba496654de4a3b4182/attempt-1/analysis/normalized.json,FilenameIterator::next,src/uu/split/src/filenames.rs::FilenameIterator::next,103508b2557420ccb055ade9b967451e4a49727ada9624491c1ec45ba0f6d084,"[""split::main"", ""uu_split::uumain<std::iter::Cloned<std::slice::Iter<'{erased}, std::ffi::OsString>>>"", ""uu_split::uumain::uumain<std::iter::Cloned<std::slice::Iter<'{erased}, std::ffi::OsString>>>"", ""uu_split::split"", ""uu_split::{impl#2}::new<>"", ""uu_split::filenames::{impl#3}::next<>""]",historical_rupta_results.json:observations:CVE-2026-35375:0:split:linux,1,
CVE-2026-35376:0:chcon:linux,CVE-2026-35376,0,chcon,chcon,linux,x86_64-unknown-linux-gnu,0.2.2/chcon,3a07ffc5a9bd4c283e75afa548ba1f1957bad242,0.2.2,verified,verified,reviewed_primary_evidence,,,,,,,False,False,authenticated_unique_declaration,failure,not_run,not_assessed,not_assessed,build_or_analysis_failure,not_assessed,"{""declaration"": ""fn process_file("", ""impl_header"": ""impl TryFrom<&libc::stat> for DeviceAndINode {"", ""line"": 494, ""source_sha256"": ""5587a78aece0df4a397adeafded9002ea0d0e1c94f112f9a244efd66d045dc76"", ""status"": ""authenticated_unique_declaration""}",,,,process_file,src/uu/chcon/src/chcon.rs::process_file,5587a78aece0df4a397adeafded9002ea0d0e1c94f112f9a244efd66d045dc76,,historical_rupta_results.json:observations:CVE-2026-35376:0:chcon:linux,0,"0a9b0ebf47.rmeta' --cap-lints allow -Copt-level=0 -Cpanic=unwind -Zalways-encode-mir`
warning: `lock_api` (lib) generated 1 warning (1 duplicate)
       Fresh clap_builder v4.5.47
     Running `/mnt/c/Users/sbutl/Documents/UofA School/Multi_Agent_Systems/summer_code_project/agentic_cyber/build/rupta-v1/historical-diagnostic-v1/targets/0.2.2/debug/build/selinux-sys/d7392e86510ce693/out/build_script_build`
error: failed to run custom build command for `selinux-sys v0.6.14`

Caused by:
  process didn't exit successfully: `/mnt/c/Users/sbutl/Documents/UofA School/Multi_Agent_Systems/summer_code_project/agentic_cyber/build/rupta-v1/historical-diagnostic-v1/targets/0.2.2/debug/build/selinux-sys/d7392e86510ce693/out/build_script_build` (exit status: 101)
  --- stdout
  cargo:root=/mnt/c/Users/sbutl/Documents/UofA School/Multi_Agent_Systems/summer_code_project/agentic_cyber/build/rupta-v1/historical-diagnostic-v1/targets/0.2.2/x86_64-unknown-linux-gnu/debug/build/selinux-sys/b6e95e989f83491a/out
  cargo:rerun-if-env-changed=SYSROOT_x86_64-unknown-linux-gnu
  cargo:rerun-if-env-changed=SYSROOT_x86_64_unknown_linux_gnu
  cargo:rerun-if-env-changed=TARGET_SYSROOT
  cargo:rerun-if-env-changed=SYSROOT
  cargo:rerun-if-env-changed=SELINUX_STATIC_x86_64-unknown-linux-gnu
  cargo:rerun-if-env-changed=SELINUX_STATIC_x86_64_unknown_linux_gnu
  cargo:rerun-if-env-changed=TARGET_SELINUX_STATIC
  cargo:rerun-if-env-changed=SELINUX_STATIC
  cargo:rerun-if-env-changed=SELINUX_PATH_x86_64-unknown-linux-gnu
  cargo:rerun-if-env-changed=SELINUX_PATH_x86_64_unknown_linux_gnu
  cargo:rerun-if-env-changed=TARGET_SELINUX_PATH
  cargo:rerun-if-env-changed=SELINUX_PATH
  cargo:rerun-if-env-changed=SELINUX_INCLUDE_DIR_x86_64-unknown-linux-gnu
  cargo:rerun-if-env-changed=SELINUX_INCLUDE_DIR_x86_64_unknown_linux_gnu
  cargo:rerun-if-env-changed=TARGET_SELINUX_INCLUDE_DIR
  cargo:rerun-if-env-changed=SELINUX_INCLUDE_DIR
  cargo:rerun-if-env-changed=SELINUX_LIB_DIR_x86_64-unknown-linux-gnu
  cargo:rerun-if-env-changed=SELINUX_LIB_DIR_x86_64_unknown_linux_gnu
  cargo:rerun-if-env-changed=TARGET_SELINUX_LIB_DIR
  cargo:rerun-if-env-changed=SELINUX_LIB_DIR
  cargo:rerun-if-env-changed=CC_x86_64-unknown-linux-gnu
  cargo:rerun-if-env-changed=CC_x86_64_unknown_linux_gnu
  cargo:rerun-if-env-changed=TARGET_CC
  cargo:rerun-if-env-changed=CC
  cargo:rerun-if-env-changed=CFLAGS_x86_64-unknown-linux-gnu
  cargo:rerun-if-env-changed=CFLAGS_x86_64_unknown_linux_gnu
  cargo:rerun-if-env-changed=TARGET_CFLAGS
  cargo:rerun-if-env-changed=CFLAGS
  OPT_LEVEL = Some(0)
  OUT_DIR = Some(/mnt/c/Users/sbutl/Documents/UofA School/Multi_Agent_Systems/summer_code_project/agentic_cyber/build/rupta-v1/historical-diagnostic-v1/targets/0.2.2/x86_64-unknown-linux-gnu/debug/build/selinux-sys/b6e95e989f83491a/out)
  TARGET = Some(x86_64-unknown-linux-gnu)
  HOST = Some(x86_64-unknown-linux-gnu)
  cargo:rerun-if-env-changed=CC_x86_64-unknown-linux-gnu
  CC_x86_64-unknown-linux-gnu = None
  cargo:rerun-if-env-changed=CC_x86_64_unknown_linux_gnu
  CC_x86_64_unknown_linux_gnu = None
  cargo:rerun-if-env-changed=HOST_CC
  HOST_CC = None
  cargo:rerun-if-env-changed=CC
  CC = None
  cargo:rerun-if-env-changed=CC_ENABLE_DEBUG_OUTPUT
  RUSTC_WRAPPER = Some(/mnt/c/Users/sbutl/Documents/UofA School/Multi_Agent_Systems/summer_code_project/agentic_cyber/security/semantic_callgraph/rust_rupta_v1/population_wrapper.py)
  cargo:rerun-if-env-changed=CRATE_CC_NO_DEFAULTS
  CRATE_CC_NO_DEFAULTS = None
  DEBUG = Some(true)
  CARGO_CFG_TARGET_FEATURE = Some(fxsr,sse,sse2,x87)
  cargo:rerun-if-env-changed=CFLAGS
  CFLAGS = None
  cargo:rerun-if-env-changed=HOST_CFLAGS
  HOST_CFLAGS = None
  cargo:rerun-if-env-changed=CFLAGS_x86_64_unknown_linux_gnu
  CFLAGS_x86_64_unknown_linux_gnu = None
  cargo:rerun-if-env-changed=CFLAGS_x86_64-unknown-linux-gnu
  CFLAGS_x86_64-unknown-linux-gnu = None
  CARGO_ENCODED_RUSTFLAGS = Some(-Copt-level=0-Cpanic=unwind-Zalways-encode-mir)
  OPT_LEVEL = Some(0)
  OUT_DIR = Some(/mnt/c/Users/sbutl/Documents/UofA School/Multi_Agent_Systems/summer_code_project/agentic_cyber/build/rupta-v1/historical-diagnostic-v1/targets/0.2.2/x86_64-unknown-linux-gnu/debug/build/selinux-sys/b6e95e989f83491a/out)
  TARGET = Some(x86_64-unknown-linux-gnu)
  HOST = Some(x86_64-unknown-linux-gnu)
  cargo:rerun-if-env-changed=CC_x86_64-unknown-linux-gnu
  CC_x86_64-unknown-linux-gnu = None
  cargo:rerun-if-env-changed=CC_x86_64_unknown_linux_gnu
  CC_x86_64_unknown_linux_gnu = None
  cargo:rerun-if-env-changed=HOST_CC
  HOST_CC = None
  cargo:rerun-if-env-changed=CC
  CC = None
  cargo:rerun-if-env-changed=CC_ENABLE_DEBUG_OUTPUT
  RUSTC_WRAPPER = Some(/mnt/c/Users/sbutl/Documents/UofA School/Multi_Agent_Systems/summer_code_project/agentic_cyber/security/semantic_callgraph/rust_rupta_v1/population_wrapper.py)
  cargo:rerun-if-env-changed=CRATE_CC_NO_DEFAULTS
  CRATE_CC_NO_DEFAULTS = None
  DEBUG = Some(true)
  CARGO_CFG_TARGET_FEATURE = Some(fxsr,sse,sse2,x87)
  cargo:rerun-if-env-changed=CFLAGS
  CFLAGS = None
  cargo:rerun-if-env-changed=HOST_CFLAGS
  HOST_CFLAGS = None
  cargo:rerun-if-env-changed=CFLAGS_x86_64_unknown_linux_gnu
  CFLAGS_x86_64_unknown_linux_gnu = None
  cargo:rerun-if-env-changed=CFLAGS_x86_64-unknown-linux-gnu
  CFLAGS_x86_64-unknown-linux-gnu = None
  CARGO_ENCODED_RUSTFLAGS = Some(-Copt-level=0-Cpanic=unwind-Zalways-encode-mir)

  --- stderr

  thread 'main' (2066) panicked at /mnt/c/Users/sbutl/Documents/UofA School/Multi_Agent_Systems/summer_code_project/agentic_cyber/build/rupta-v1/historical-diagnostic-v1/cargo-home/registry/src/index.crates.io-1949cf8c6b5b557f/selinux-sys-0.6.14/build.rs:258:10:
  selinux-sys: Failed to find 'selinux/selinux.h'. Please make sure the C header files of libselinux are installed and accessible: Kind(NotFound)
  note: run with `RUST_BACKTRACE=1` environment variable to display a backtrace
warning: build failed, waiting for other jobs to finish...
warning: `fluent-bundle` (lib) generated 1 warning (1 duplicate)
"
CVE-2026-35376:1:chcon:linux,CVE-2026-35376,1,chcon,chcon,linux,x86_64-unknown-linux-gnu,0.2.2/chcon,3a07ffc5a9bd4c283e75afa548ba1f1957bad242,0.2.2,verified,verified,reviewed_primary_evidence,,,,,,,False,False,authenticated_unique_declaration,failure,not_run,not_assessed,not_assessed,build_or_analysis_failure,not_assessed,"{""declaration"": ""fn change_file_context("", ""impl_header"": ""impl TryFrom<&libc::stat> for DeviceAndINode {"", ""line"": 627, ""source_sha256"": ""5587a78aece0df4a397adeafded9002ea0d0e1c94f112f9a244efd66d045dc76"", ""status"": ""authenticated_unique_declaration""}",,,,change_file_context,src/uu/chcon/src/chcon.rs::change_file_context,5587a78aece0df4a397adeafded9002ea0d0e1c94f112f9a244efd66d045dc76,,historical_rupta_results.json:observations:CVE-2026-35376:1:chcon:linux,0,"0a9b0ebf47.rmeta' --cap-lints allow -Copt-level=0 -Cpanic=unwind -Zalways-encode-mir`
warning: `lock_api` (lib) generated 1 warning (1 duplicate)
       Fresh clap_builder v4.5.47
     Running `/mnt/c/Users/sbutl/Documents/UofA School/Multi_Agent_Systems/summer_code_project/agentic_cyber/build/rupta-v1/historical-diagnostic-v1/targets/0.2.2/debug/build/selinux-sys/d7392e86510ce693/out/build_script_build`
error: failed to run custom build command for `selinux-sys v0.6.14`

Caused by:
  process didn't exit successfully: `/mnt/c/Users/sbutl/Documents/UofA School/Multi_Agent_Systems/summer_code_project/agentic_cyber/build/rupta-v1/historical-diagnostic-v1/targets/0.2.2/debug/build/selinux-sys/d7392e86510ce693/out/build_script_build` (exit status: 101)
  --- stdout
  cargo:root=/mnt/c/Users/sbutl/Documents/UofA School/Multi_Agent_Systems/summer_code_project/agentic_cyber/build/rupta-v1/historical-diagnostic-v1/targets/0.2.2/x86_64-unknown-linux-gnu/debug/build/selinux-sys/b6e95e989f83491a/out
  cargo:rerun-if-env-changed=SYSROOT_x86_64-unknown-linux-gnu
  cargo:rerun-if-env-changed=SYSROOT_x86_64_unknown_linux_gnu
  cargo:rerun-if-env-changed=TARGET_SYSROOT
  cargo:rerun-if-env-changed=SYSROOT
  cargo:rerun-if-env-changed=SELINUX_STATIC_x86_64-unknown-linux-gnu
  cargo:rerun-if-env-changed=SELINUX_STATIC_x86_64_unknown_linux_gnu
  cargo:rerun-if-env-changed=TARGET_SELINUX_STATIC
  cargo:rerun-if-env-changed=SELINUX_STATIC
  cargo:rerun-if-env-changed=SELINUX_PATH_x86_64-unknown-linux-gnu
  cargo:rerun-if-env-changed=SELINUX_PATH_x86_64_unknown_linux_gnu
  cargo:rerun-if-env-changed=TARGET_SELINUX_PATH
  cargo:rerun-if-env-changed=SELINUX_PATH
  cargo:rerun-if-env-changed=SELINUX_INCLUDE_DIR_x86_64-unknown-linux-gnu
  cargo:rerun-if-env-changed=SELINUX_INCLUDE_DIR_x86_64_unknown_linux_gnu
  cargo:rerun-if-env-changed=TARGET_SELINUX_INCLUDE_DIR
  cargo:rerun-if-env-changed=SELINUX_INCLUDE_DIR
  cargo:rerun-if-env-changed=SELINUX_LIB_DIR_x86_64-unknown-linux-gnu
  cargo:rerun-if-env-changed=SELINUX_LIB_DIR_x86_64_unknown_linux_gnu
  cargo:rerun-if-env-changed=TARGET_SELINUX_LIB_DIR
  cargo:rerun-if-env-changed=SELINUX_LIB_DIR
  cargo:rerun-if-env-changed=CC_x86_64-unknown-linux-gnu
  cargo:rerun-if-env-changed=CC_x86_64_unknown_linux_gnu
  cargo:rerun-if-env-changed=TARGET_CC
  cargo:rerun-if-env-changed=CC
  cargo:rerun-if-env-changed=CFLAGS_x86_64-unknown-linux-gnu
  cargo:rerun-if-env-changed=CFLAGS_x86_64_unknown_linux_gnu
  cargo:rerun-if-env-changed=TARGET_CFLAGS
  cargo:rerun-if-env-changed=CFLAGS
  OPT_LEVEL = Some(0)
  OUT_DIR = Some(/mnt/c/Users/sbutl/Documents/UofA School/Multi_Agent_Systems/summer_code_project/agentic_cyber/build/rupta-v1/historical-diagnostic-v1/targets/0.2.2/x86_64-unknown-linux-gnu/debug/build/selinux-sys/b6e95e989f83491a/out)
  TARGET = Some(x86_64-unknown-linux-gnu)
  HOST = Some(x86_64-unknown-linux-gnu)
  cargo:rerun-if-env-changed=CC_x86_64-unknown-linux-gnu
  CC_x86_64-unknown-linux-gnu = None
  cargo:rerun-if-env-changed=CC_x86_64_unknown_linux_gnu
  CC_x86_64_unknown_linux_gnu = None
  cargo:rerun-if-env-changed=HOST_CC
  HOST_CC = None
  cargo:rerun-if-env-changed=CC
  CC = None
  cargo:rerun-if-env-changed=CC_ENABLE_DEBUG_OUTPUT
  RUSTC_WRAPPER = Some(/mnt/c/Users/sbutl/Documents/UofA School/Multi_Agent_Systems/summer_code_project/agentic_cyber/security/semantic_callgraph/rust_rupta_v1/population_wrapper.py)
  cargo:rerun-if-env-changed=CRATE_CC_NO_DEFAULTS
  CRATE_CC_NO_DEFAULTS = None
  DEBUG = Some(true)
  CARGO_CFG_TARGET_FEATURE = Some(fxsr,sse,sse2,x87)
  cargo:rerun-if-env-changed=CFLAGS
  CFLAGS = None
  cargo:rerun-if-env-changed=HOST_CFLAGS
  HOST_CFLAGS = None
  cargo:rerun-if-env-changed=CFLAGS_x86_64_unknown_linux_gnu
  CFLAGS_x86_64_unknown_linux_gnu = None
  cargo:rerun-if-env-changed=CFLAGS_x86_64-unknown-linux-gnu
  CFLAGS_x86_64-unknown-linux-gnu = None
  CARGO_ENCODED_RUSTFLAGS = Some(-Copt-level=0-Cpanic=unwind-Zalways-encode-mir)
  OPT_LEVEL = Some(0)
  OUT_DIR = Some(/mnt/c/Users/sbutl/Documents/UofA School/Multi_Agent_Systems/summer_code_project/agentic_cyber/build/rupta-v1/historical-diagnostic-v1/targets/0.2.2/x86_64-unknown-linux-gnu/debug/build/selinux-sys/b6e95e989f83491a/out)
  TARGET = Some(x86_64-unknown-linux-gnu)
  HOST = Some(x86_64-unknown-linux-gnu)
  cargo:rerun-if-env-changed=CC_x86_64-unknown-linux-gnu
  CC_x86_64-unknown-linux-gnu = None
  cargo:rerun-if-env-changed=CC_x86_64_unknown_linux_gnu
  CC_x86_64_unknown_linux_gnu = None
  cargo:rerun-if-env-changed=HOST_CC
  HOST_CC = None
  cargo:rerun-if-env-changed=CC
  CC = None
  cargo:rerun-if-env-changed=CC_ENABLE_DEBUG_OUTPUT
  RUSTC_WRAPPER = Some(/mnt/c/Users/sbutl/Documents/UofA School/Multi_Agent_Systems/summer_code_project/agentic_cyber/security/semantic_callgraph/rust_rupta_v1/population_wrapper.py)
  cargo:rerun-if-env-changed=CRATE_CC_NO_DEFAULTS
  CRATE_CC_NO_DEFAULTS = None
  DEBUG = Some(true)
  CARGO_CFG_TARGET_FEATURE = Some(fxsr,sse,sse2,x87)
  cargo:rerun-if-env-changed=CFLAGS
  CFLAGS = None
  cargo:rerun-if-env-changed=HOST_CFLAGS
  HOST_CFLAGS = None
  cargo:rerun-if-env-changed=CFLAGS_x86_64_unknown_linux_gnu
  CFLAGS_x86_64_unknown_linux_gnu = None
  cargo:rerun-if-env-changed=CFLAGS_x86_64-unknown-linux-gnu
  CFLAGS_x86_64-unknown-linux-gnu = None
  CARGO_ENCODED_RUSTFLAGS = Some(-Copt-level=0-Cpanic=unwind-Zalways-encode-mir)

  --- stderr

  thread 'main' (2066) panicked at /mnt/c/Users/sbutl/Documents/UofA School/Multi_Agent_Systems/summer_code_project/agentic_cyber/build/rupta-v1/historical-diagnostic-v1/cargo-home/registry/src/index.crates.io-1949cf8c6b5b557f/selinux-sys-0.6.14/build.rs:258:10:
  selinux-sys: Failed to find 'selinux/selinux.h'. Please make sure the C header files of libselinux are installed and accessible: Kind(NotFound)
  note: run with `RUST_BACKTRACE=1` environment variable to display a backtrace
warning: build failed, waiting for other jobs to finish...
warning: `fluent-bundle` (lib) generated 1 warning (1 duplicate)
"
CVE-2026-35377:0:env:linux,CVE-2026-35377,0,env,env,linux,x86_64-unknown-linux-gnu,0.2.2/env,3a07ffc5a9bd4c283e75afa548ba1f1957bad242,0.2.2,verified,verified,reviewed_primary_evidence,14,17,0.8235294117647058,14,17,0.8235294117647058,False,False,authenticated_compiler_definition,completed,completed,observed_reachable,known_incomplete,provisional_graph_observed,observed_reachable,"{""declaration"": ""fn split_single_quoted_backslash(&mut self) -> Result<(), EnvError> {"", ""impl_header"": ""impl<'a> SplitIterator<'a> {"", ""line"": 275, ""source_sha256"": ""a515724b0b177cfb9d563d5bdcc26d834c9cf55e56ec7905d9e47d898dc0b0d1"", ""status"": ""authenticated_unique_declaration""}",0.2.2/env,build/rupta-v1/historical-diagnostic-v1/runs/0.2.2/env/c07bc4e5b28a7d8882e5c2a3303442621ef1d882b87ff51ec8812e156b7c2528/attempt-1/analysis/coverage.json,build/rupta-v1/historical-diagnostic-v1/runs/0.2.2/env/c07bc4e5b28a7d8882e5c2a3303442621ef1d882b87ff51ec8812e156b7c2528/attempt-1/analysis/normalized.json,SplitIterator::split_single_quoted_backslash,src/uu/env/src/split_iterator.rs::SplitIterator::split_single_quoted_backslash,a515724b0b177cfb9d563d5bdcc26d834c9cf55e56ec7905d9e47d898dc0b0d1,"[""env::main"", ""uu_env::uumain<std::iter::Cloned<std::slice::Iter<'{erased}, std::ffi::OsString>>>"", ""uu_env::uumain::uumain<std::iter::Cloned<std::slice::Iter<'{erased}, std::ffi::OsString>>>"", ""uu_env::{impl#1}::run_env<std::iter::Cloned<std::slice::Iter<'{erased}, std::ffi::OsString>>>"", ""uu_env::{impl#1}::parse_arguments<std::iter::Cloned<std::slice::Iter<'{erased}, std::ffi::OsString>>>"", ""uu_env::{impl#1}::process_all_string_arguments"", ""uu_env::check_and_handle_string_args"", ""uu_env::parse_args_from_str"", ""uu_env::split_iterator::split"", ""uu_env::split_iterator::{impl#0}::split<>"", ""uu_env::split_iterator::{impl#0}::state_root<>"", ""uu_env::split_iterator::{impl#0}::state_delimiter<>"", ""uu_env::split_iterator::{impl#0}::state_unquoted<>"", ""uu_env::split_iterator::{impl#0}::state_single_quoted<>"", ""uu_env::split_iterator::{impl#0}::split_single_quoted_backslash<>""]",historical_rupta_results.json:observations:CVE-2026-35377:0:env:linux,1,
CVE-2026-35378:0:expr:linux,CVE-2026-35378,0,expr,expr,linux,x86_64-unknown-linux-gnu,0.2.2/expr,3a07ffc5a9bd4c283e75afa548ba1f1957bad242,0.2.2,verified,verified,reviewed_primary_evidence,7,10,0.7,7,9,0.7777777777777778,False,False,authenticated_compiler_definition,completed,completed,observed_reachable,known_incomplete,provisional_graph_observed,observed_reachable,"{""declaration"": ""fn parse_simple_expression(&mut self) -> ExprResult<AstNode> {"", ""impl_header"": ""impl<'a, S: AsRef<MaybeNonUtf8Str>> Parser<'a, S> {"", ""line"": 693, ""source_sha256"": ""706901afe1886aa99be3d5981eb4c04efa65caddd41460a431784facd39fe48b"", ""status"": ""authenticated_unique_declaration""}",0.2.2/expr,build/rupta-v1/historical-diagnostic-v1/runs/0.2.2/expr/0e6ca4329cd41a0b5c957ef4adadffe36cf55000ca949eb8e6fa39911db9b1fa/attempt-1/analysis/coverage.json,build/rupta-v1/historical-diagnostic-v1/runs/0.2.2/expr/0e6ca4329cd41a0b5c957ef4adadffe36cf55000ca949eb8e6fa39911db9b1fa/attempt-1/analysis/normalized.json,Parser::parse_simple_expression,src/uu/expr/src/syntax_tree.rs::Parser::parse_simple_expression,706901afe1886aa99be3d5981eb4c04efa65caddd41460a431784facd39fe48b,"[""expr::main"", ""uu_expr::uumain<std::iter::Cloned<std::slice::Iter<'{erased}, std::ffi::OsString>>>"", ""uu_expr::uumain::uumain<std::iter::Cloned<std::slice::Iter<'{erased}, std::ffi::OsString>>>"", ""uu_expr::syntax_tree::{impl#9}::parse<std::vec::Vec<u8, std::alloc::Global>>"", ""uu_expr::syntax_tree::{impl#10}::parse<std::vec::Vec<u8, std::alloc::Global>>"", ""uu_expr::syntax_tree::{impl#10}::parse_expression<std::vec::Vec<u8, std::alloc::Global>>"", ""uu_expr::syntax_tree::{impl#10}::parse_precedence<std::vec::Vec<u8, std::alloc::Global>>"", ""uu_expr::syntax_tree::{impl#10}::parse_simple_expression<std::vec::Vec<u8, std::alloc::Global>>""]",historical_rupta_results.json:observations:CVE-2026-35378:0:expr:linux,1,
CVE-2026-35379:0:tr:linux,CVE-2026-35379,0,tr,tr,linux,x86_64-unknown-linux-gnu,0.2.2/tr,3a07ffc5a9bd4c283e75afa548ba1f1957bad242,0.2.2,verified,verified,reviewed_primary_evidence,4,12,0.3333333333333333,4,9,0.4444444444444444,False,False,authenticated_compiler_definition,completed,completed,observed_reachable,known_incomplete,provisional_graph_observed,observed_reachable,"{""declaration"": ""pub fn flatten(&self) -> Box<dyn Iterator<Item = u8>> {"", ""impl_header"": ""impl Sequence {"", ""line"": 160, ""source_sha256"": ""b3e62fed2266fd3271f43b35cfa1eee208aa5a7063d0cda1719b1a0dd4cdd851"", ""status"": ""authenticated_unique_declaration""}",0.2.2/tr,build/rupta-v1/historical-diagnostic-v1/runs/0.2.2/tr/033773ff89f2c6ca24118ea27c9d8d0d82b61c7044d84d54f40ede96cd1a6d16/attempt-1/analysis/coverage.json,build/rupta-v1/historical-diagnostic-v1/runs/0.2.2/tr/033773ff89f2c6ca24118ea27c9d8d0d82b61c7044d84d54f40ede96cd1a6d16/attempt-1/analysis/normalized.json,Sequence::flatten,src/uu/tr/src/operation.rs::Sequence::flatten,b3e62fed2266fd3271f43b35cfa1eee208aa5a7063d0cda1719b1a0dd4cdd851,"[""tr::main"", ""uu_tr::uumain<std::iter::Cloned<std::slice::Iter<'{erased}, std::ffi::OsString>>>"", ""uu_tr::uumain::uumain<std::iter::Cloned<std::slice::Iter<'{erased}, std::ffi::OsString>>>"", ""uu_tr::operation::{impl#3}::solve_set_characters"", ""uu_tr::operation::{impl#3}::flatten""]",historical_rupta_results.json:observations:CVE-2026-35379:0:tr:linux,1,
CVE-2026-35380:0:cut:linux,CVE-2026-35380,0,cut,cut,linux,x86_64-unknown-linux-gnu,0.2.2/cut,3a07ffc5a9bd4c283e75afa548ba1f1957bad242,0.2.2,verified,verified,reviewed_primary_evidence,3,12,0.25,3,8,0.375,False,False,authenticated_compiler_definition,completed,completed,observed_reachable,known_incomplete,provisional_graph_observed,observed_reachable,"{""declaration"": ""fn get_delimiters(matches: &ArgMatches) -> UResult<(Delimiter<'_>, Option<&[u8]>)> {"", ""impl_header"": ""impl<'a> From<&'a OsString> for Delimiter<'a> {"", ""line"": 407, ""source_sha256"": ""87d64642b2ec2eb96413f22d5ca516c49023c4e0fe9ffb63adf6865bcd08680d"", ""status"": ""authenticated_unique_declaration""}",0.2.2/cut,build/rupta-v1/historical-diagnostic-v1/runs/0.2.2/cut/e4cfb8dbcbd6532fcd7c73d2ca905b98a2c599d1f65ac123d510ae58eaca5c1d/attempt-1/analysis/coverage.json,build/rupta-v1/historical-diagnostic-v1/runs/0.2.2/cut/e4cfb8dbcbd6532fcd7c73d2ca905b98a2c599d1f65ac123d510ae58eaca5c1d/attempt-1/analysis/normalized.json,get_delimiters,src/uu/cut/src/cut.rs::get_delimiters,87d64642b2ec2eb96413f22d5ca516c49023c4e0fe9ffb63adf6865bcd08680d,"[""cut::main"", ""uu_cut::uumain<std::iter::Cloned<std::slice::Iter<'{erased}, std::ffi::OsString>>>"", ""uu_cut::uumain::uumain<std::iter::Cloned<std::slice::Iter<'{erased}, std::ffi::OsString>>>"", ""uu_cut::get_delimiters""]",historical_rupta_results.json:observations:CVE-2026-35380:0:cut:linux,1,
CVE-2026-35381:0:cut:linux,CVE-2026-35381,0,cut,cut,linux,x86_64-unknown-linux-gnu,0.2.2/cut,3a07ffc5a9bd4c283e75afa548ba1f1957bad242,0.2.2,verified,verified,reviewed_primary_evidence,5,12,0.4166666666666667,5,8,0.625,False,False,authenticated_compiler_definition,completed,completed,observed_reachable,known_incomplete,provisional_graph_observed,observed_reachable,"{""declaration"": ""fn cut_fields_newline_char_delim<R: Read, W: Write>("", ""impl_header"": ""impl<'a> From<&'a OsString> for Delimiter<'a> {"", ""line"": 264, ""source_sha256"": ""87d64642b2ec2eb96413f22d5ca516c49023c4e0fe9ffb63adf6865bcd08680d"", ""status"": ""authenticated_unique_declaration""}",0.2.2/cut,build/rupta-v1/historical-diagnostic-v1/runs/0.2.2/cut/e4cfb8dbcbd6532fcd7c73d2ca905b98a2c599d1f65ac123d510ae58eaca5c1d/attempt-1/analysis/coverage.json,build/rupta-v1/historical-diagnostic-v1/runs/0.2.2/cut/e4cfb8dbcbd6532fcd7c73d2ca905b98a2c599d1f65ac123d510ae58eaca5c1d/attempt-1/analysis/normalized.json,cut_fields_newline_char_delim,src/uu/cut/src/cut.rs::cut_fields_newline_char_delim,87d64642b2ec2eb96413f22d5ca516c49023c4e0fe9ffb63adf6865bcd08680d,"[""cut::main"", ""uu_cut::uumain<std::iter::Cloned<std::slice::Iter<'{erased}, std::ffi::OsString>>>"", ""uu_cut::uumain::uumain<std::iter::Cloned<std::slice::Iter<'{erased}, std::ffi::OsString>>>"", ""uu_cut::cut_files"", ""uu_cut::cut_fields<std::io::Stdin, std::boxed::Box<dyn [Binder { value: Trait(std::io::Write), bound_vars: [] }] + '{erased}, std::alloc::Global>>"", ""uu_cut::cut_fields_newline_char_delim<std::io::Stdin, std::boxed::Box<dyn [Binder { value: Trait(std::io::Write), bound_vars: [] }] + '{erased}, std::alloc::Global>>""]",historical_rupta_results.json:observations:CVE-2026-35381:0:cut:linux,2,
